customer_id,age,gender,region,plan,tenure_months,monthly_data_gb,call_minutes,sms_count,download_speed_mbps,latency_ms,dropped_calls_pct,monthly_bill_inr,support_calls,satisfaction_score,churn,monthly_data_gb_norm,call_minutes_norm,download_speed_mbps_norm,latency_ms_norm,monthly_bill_inr_norm
CUST10001,52,Male,East,Standard,64,1.19,247.7,32.0,35.0,52.7,3.92,613.14,1,3.5,No,0.004830917874396134,0.24634858812074,0.35498757543485976,0.42359550561797754,0.33121891067173853
CUST10002,47,Female,West,Standard,5,2.73,452.8,24.0,48.21,56.1,3.31,618.04,4,2.2,No,0.04025764895330112,0.46824624039813917,0.5113004378180097,0.46179775280898877,0.33633950591481004
CUST10003,30,Male,West,Premium,29,2.06,324.9,94.0,48.17,56.8,1.35,1003.66,3,4.1,No,0.024844720496894408,0.3298712539218868,0.5108271210507632,0.46966292134831455,0.7393199013501652
CUST10004,60,Male,South,Standard,33,1.55,334.9,21.0,46.53,57.6,4.13,682.77,0,3.3,Yes,0.013112491373360938,0.34069025208265713,0.4914211335936575,0.4786516853932584,0.4039836140952222
CUST10005,23,Male,South,Basic,58,6.51,539.1,56.0,38.26,71.6,5.26,442.46,1,1.8,No,0.12721417069243152,0.561614194525587,0.3935628919654478,0.6359550561797752,0.1528549931028717
CUST10006,64,Female,West,Premium,10,15.82,189.1,10.0,25.72,37.6,3.9,1059.37,3,2.2,Yes,0.3413848631239935,0.18294925889862598,0.24517808543367645,0.2539325842696629,0.7975379342055762
CUST10007,56,Female,South,Standard,32,6.51,618.5,12.0,49.39,57.8,4.37,690.54,1,3.2,No,0.12721417069243152,0.6475170399221033,0.5252632824517808,0.48089887640449436,0.41210341512352133
CUST10008,51,Male,West,Standard,11,15.47,178.4,41.0,36.47,75.6,2.89,780.12,2,2.0,Yes,0.3333333333333333,0.17137293086660177,0.37238196663116785,0.6808988764044943,0.5057162563223677
CUST10009,63,Male,South,Basic,57,8.73,310.7,52.0,49.29,55.25,0.97,502.81,0,4.4,No,0.17828387393604783,0.314508276533593,0.5240799905336646,0.45224719101123595,0.2159219161476404
CUST10010,38,Female,North,Standard,46,11.12,776.1,13.0,36.09,57.9,0.77,765.84,0,3.7,No,0.2332643202208419,0.8180244509358434,0.36788545734232636,0.4820224719101123,0.490793378756845
CUST10011,32,Male,North,Standard,36,3.72,632.9,25.0,31.51,45.6,3.08,665.78,2,3.5,Yes,0.06303197607545433,0.6630963972736125,0.3136906874926044,0.3438202247191011,0.3862287338544497
CUST10012,26,Female,West,Premium,29,9.4,447.6,9.0,51.51,49.1,2.15,1081.68,0,3.3,No,0.19369680239245454,0.4626203613545386,0.5503490711158442,0.3831460674157304,0.8208523178531122
CUST10013,66,Female,North,Standard,12,10.74,260.7,22.0,50.26,40.5,1.79,726.01,1,3.3,No,0.22452265930526796,0.26041328572974143,0.5355579221393917,0.28651685393258425,0.449170254566735
CUST10014,38,Male,South,Premium,67,4.6,334.7,44.0,56.69,52.3,2.73,1011.38,5,3.6,No,0.08327582240625717,0.34047387211944175,0.6116435924742634,0.4191011235955056,0.7473874514065963
CUST10015,61,Male,South,Standard,47,9.62,443.2,18.0,80.79,84.5,3.48,722.23,0,3.7,No,0.19875776397515524,0.45786000216379963,0.8968169447402674,0.7808988764044944,0.4452200810935084
CUST10016,35,Female,North,Basic,23,9.66,436.8,21.0,52.16,34.8,1.2,470.55,0,5.0,No,0.19967793880837356,0.45093584334090664,0.5580404685835995,0.2224719101123595,0.18220958909835727
CUST10017,67,Male,South,Standard,30,4.68,413.6,11.0,55.28,36.3,2.31,636.61,1,3.1,No,0.0851161720726938,0.4258357676079196,0.594959176428825,0.23932584269662918,0.3557455168666138
CUST10018,63,Female,East,Standard,53,3.22,424.5,16.0,31.84,34.2,4.46,456.89,3,3.0,No,0.05152979066022544,0.43762847560315915,0.3175955508223879,0.21573033707865172,0.1679346235839987
CUST10019,34,Male,North,Premium,52,3.1,391.4,84.0,28.7,82.6,1.62,1124.09,2,2.3,No,0.04876926616057051,0.4018175916910094,0.2804401845935392,0.7595505617977527,0.8651715921916148
CUST10020,43,Female,West,Standard,34,7.07,170.4,26.0,71.74,47.6,3.76,670.81,4,3.3,Yes,0.1400966183574879,0.1627177323379855,0.7897290261507512,0.36629213483146067,0.39148518162437823
CUST10021,59,Male,West,Standard,22,8.27,337.0,12.0,34.15,54.6,2.27,702.52,2,2.7,Yes,0.16770186335403722,0.3429622416964189,0.34492959413087204,0.4449438202247191,0.42462274798311256
CUST10022,29,Female,South,Standard,48,3.99,594.6,20.0,32.34,48.6,3.4,648.4,1,2.5,No,0.06924315619967794,0.6216596343178622,0.3235120104129689,0.3775280898876405,0.36806629603310625
CUST10023,19,Female,North,Premium,48,6.8,183.7,8.0,47.41,39.9,4.01,962.96,0,2.8,No,0.13388543823326432,0.17710699989181,0.50183410247308,0.2797752808988764,0.6967876102495507
CUST10024,33,Male,East,Premium,44,9.69,395.9,12.0,46.65,51.2,3.62,1092.08,1,3.0,Yes,0.20036806993328726,0.406686140863356,0.49284108389539694,0.4067415730337079,0.8317205200016721
CUST10025,48,Female,North,Standard,6,9.99,282.4,64.0,34.46,94.3,3.8,671.93,1,2.2,No,0.20726938118242463,0.283890511738613,0.3485977990770323,0.8910112359550562,0.3926556033942232
CUST10026,25,Female,South,Basic,35,18.33,450.0,22.0,43.43,77.3,1.53,482.91,1,3.5,No,0.3991258339084425,0.46521692091312344,0.4547390841320553,0.7,0.19512602934414586
CUST10027,35,Female,West,Standard,45,15.33,360.0,92.0,66.44,41.4,4.03,653.67,1,3.4,No,0.3301127214170692,0.36784593746619065,0.7270145544905927,0.296629213483146,0.3735735484680015
CUST10028,65,Male,West,Basic,69,3.49,695.9,23.0,35.91,65.4,1.86,378.27,1,2.5,No,0.05774097078444904,0.7312560856864655,0.36575553188971716,0.5662921348314608,0.08577519541863478
CUST10029,21,Male,West,Basic,38,19.97,521.2,24.0,27.09,41.7,3.09,424.86,1,3.5,No,0.4368530020703933,0.5422481878178081,0.2613891847118684,0.30000000000000004,0.13446265100530874
CUST10030,20,Male,South,Standard,25,4.73,193.9,38.0,48.2,26.6,3.08,712.13,3,3.9,No,0.0862663906142167,0.18814237801579575,0.5111821086261981,0.13033707865168542,0.4346653847761569
CUST10031,40,Female,East,Standard,41,13.19,550.8,4.0,55.38,71.3,3.33,882.12,2,3.6,Yes,0.28088336783988954,0.5742724223736881,0.5961424683469412,0.6325842696629214,0.6123082389332444
CUST10032,18,Female,East,Premium,13,6.99,290.6,28.0,38.69,73.6,3.17,970.77,3,2.3,Yes,0.1382562686910513,0.2927620902304447,0.3986510472133475,0.6584269662921348,0.7049492120553442
CUST10033,19,Male,South,Basic,7,5.11,326.1,24.0,24.27,71.7,1.87,337.99,1,2.0,No,0.09500805152979067,0.3311695337011793,0.22802035262099157,0.6370786516853932,0.04368181248171218
CUST10034,27,Male,East,Standard,49,2.06,486.5,69.0,36.83,47.5,1.32,710.86,1,3.7,No,0.024844720496894408,0.5047062641999351,0.3766418175363862,0.3651685393258427,0.4333382100907078
CUST10035,23,Female,North,Standard,72,5.98,341.5,48.0,47.18,52.3,3.76,644.9,3,3.7,No,0.11502185415228892,0.34783079086876556,0.4991125310614128,0.4191011235955056,0.36440872800234086
CUST10036,60,Female,North,Basic,61,2.43,590.7,11.0,65.49,67.0,3.0,485.04,1,3.4,Yes,0.03335633770416379,0.6174402250351618,0.7157732812684888,0.5842696629213483,0.19735192074572594
CUST10037,24,Male,South,Basic,43,12.54,290.6,59.0,32.45,61.3,4.06,458.73,3,2.3,No,0.26593052680009194,0.2927620902304447,0.3248136315228967,0.5202247191011236,0.16985745934874394
CUST10038,45,Male,North,Standard,3,6.51,318.6,20.0,46.73,48.7,2.75,721.77,0,2.9,Yes,0.12721417069243152,0.32305528508060155,0.49378771742988986,0.37865168539325844,0.44473937215232207
CUST10039,54,Female,North,Basic,72,3.98,311.9,13.0,58.13,29.1,1.25,413.09,1,5.0,No,0.06901311249137335,0.3158065563128854,0.6286829960951367,0.15842696629213485,0.12216277222756343
CUST10040,50,Female,West,Standard,33,8.14,328.2,28.0,12.28,56.8,3.86,739.52,1,1.7,No,0.16471129514607774,0.33344152331494104,0.0861436516388593,0.46966292134831455,0.4632884671654893
CUST10041,52,Female,West,Standard,21,4.17,627.9,21.0,63.51,72.3,2.39,661.51,1,3.0,No,0.07338394294916033,0.6576868981932273,0.6923441012897881,0.643820224719101,0.381766500856916
CUST10042,36,Female,East,Premium,65,4.44,543.2,72.0,30.26,35.8,3.18,948.32,1,3.5,Yes,0.07959512307338394,0.5660499837715028,0.2988995385161519,0.23370786516853928,0.681488525686578
CUST10043,64,Male,West,Standard,54,11.06,737.8,31.0,52.98,65.2,2.09,704.42,0,2.4,No,0.23188405797101447,0.776587687980093,0.5677434623121523,0.5640449438202247,0.4266082849140994
CUST10044,21,Male,West,Basic,54,6.52,838.2,28.0,51.7,60.3,4.61,368.17,1,3.3,No,0.1274442144007361,0.8852104295142271,0.5525973257602651,0.5089887640449438,0.07522049910128331
CUST10045,23,Male,North,Premium,20,20.71,244.5,46.0,64.27,67.0,1.84,1095.1,0,4.1,No,0.4538762364849321,0.24288650870929354,0.7013371198674713,0.5842696629213483,0.8348764787025038
CUST10046,62,Male,South,Premium,72,4.89,442.7,53.0,56.26,69.0,2.43,880.07,1,3.8,No,0.08994708994708993,0.45731905225576114,0.6065554372263637,0.6067415730337079,0.6101659490866532
CUST10047,21,Male,South,Standard,33,12.8,218.3,42.0,12.34,43.9,2.92,701.37,2,3.1,No,0.271911663216011,0.21454073352807532,0.08685362678972902,0.3247191011235955,0.4234209756301468
CUST10048,27,Male,North,Basic,39,7.12,290.0,66.0,36.23,29.1,1.6,483.49,0,3.9,No,0.1412468368990108,0.2921129503407985,0.36954206602768896,0.15842696629213485,0.19573214061781555
CUST10049,27,Male,West,Standard,55,11.22,316.6,38.0,50.07,46.5,3.16,732.99,1,2.8,No,0.2355647573038877,0.32089148544844753,0.533309667494971,0.3539325842696629,0.4564644902395185
CUST10050,19,Female,South,Basic,48,5.0,239.7,28.0,48.2,69.2,4.57,461.47,3,2.3,No,0.09247757073844028,0.23769338959212377,0.5111821086261981,0.6089887640449438,0.17272081260711455
CUST10051,24,Male,South,Basic,13,6.47,240.7,58.0,55.16,46.3,2.26,434.24,3,3.2,Yes,0.12629399585921325,0.2387752894082008,0.5935392261270854,0.35168539325842696,0.14426493332775994
CUST10052,47,Female,North,Basic,22,6.2,404.0,23.0,59.84,43.9,3.23,500.54,1,3.8,No,0.12008281573498965,0.41544952937358004,0.6489172878949236,0.3247191011235955,0.21354972202482972
CUST10053,52,Male,North,Standard,27,3.88,211.0,25.0,57.13,25.9,0.1,723.14,0,5.0,No,0.06671267540832757,0.20664286487071298,0.6168500769139746,0.12247191011235953,0.4461710487815074
CUST10054,22,Male,West,Standard,69,10.28,581.6,82.0,44.79,83.0,2.76,735.22,3,3.6,Yes,0.21394064872325735,0.6075949367088608,0.47083185421843565,0.7640449438202247,0.4587948835848348
CUST10055,67,Female,North,Standard,52,10.2,264.8,76.0,20.3,68.2,2.46,761.22,1,2.9,No,0.21210029905682073,0.2648490749756573,0.1810436634717785,0.597752808988764,0.4859653889562347
CUST10056,22,Female,North,Standard,27,6.51,935.7,24.0,41.17,67.3,1.9,749.25,2,3.8,No,0.12721417069243152,0.9906956615817376,0.42799668678262925,0.5876404494382023,0.4734565062910171
CUST10057,53,Female,South,Standard,53,18.16,348.8,18.0,54.25,70.5,3.99,733.79,4,2.5,Yes,0.3952150908672647,0.3557286595261279,0.5827712696722281,0.6235955056179775,0.45730050578940773
CUST10058,59,Male,South,Standard,54,17.15,443.0,68.0,31.64,64.2,2.44,677.99,1,2.7,No,0.37198067632850235,0.45764362220058424,0.3152289669861555,0.5528089887640449,0.3989884211846341
CUST10059,45,Male,East,Basic,29,5.24,196.8,43.0,57.47,51.1,2.6,453.56,1,3.9,No,0.09799861973775015,0.19127988748241914,0.6208732694355698,0.4056179775280899,0.16445470885758479
CUST10060,43,Male,South,Basic,30,8.52,737.1,31.0,61.63,52.4,2.39,480.15,2,3.5,No,0.17345295606165168,0.7758303581088392,0.6700982132292036,0.4202247191011236,0.19224177569702797
CUST10061,23,Female,North,Standard,65,4.46,631.5,20.0,49.9,48.2,0.69,735.74,2,4.3,No,0.08005521048999309,0.6615817375311046,0.5312980712341734,0.3730337078651686,0.45933829369226276
CUST10062,30,Male,North,Standard,41,6.79,483.4,31.0,5.0,97.2,1.55,638.24,0,1.6,No,0.13365539452495973,0.5013523747700963,0.0,0.9235955056179775,0.3574488985495131
CUST10063,62,Male,West,Standard,11,4.53,187.6,24.0,28.83,63.9,3.86,626.33,0,1.9,No,0.08166551644812514,0.18132640917451046,0.28197846408709026,0.549438202247191,0.34500271705053726
CUST10064,36,Male,East,Standard,52,6.51,467.9,15.0,76.29,47.6,0.48,789.25,2,5.0,No,0.12721417069243152,0.4845829276209023,0.8435688084250385,0.36629213483146067,0.5152572837854785
CUST10065,19,Female,East,Standard,43,6.51,228.1,27.0,39.8,62.4,1.96,695.91,2,3.8,Yes,0.12721417069243152,0.22514335172563021,0.4117855875044373,0.5325842696629214,0.41771516950215276
CUST10066,55,Female,East,Standard,37,5.8,693.2,30.0,18.24,38.8,2.36,580.08,0,2.7,No,0.11088106740280652,0.7283349561830575,0.15666784995858477,0.2674157303370786,0.29667056807256625
CUST10067,53,Female,West,Standard,53,14.52,575.7,19.0,66.53,79.1,4.72,756.75,2,2.9,Yes,0.31147918104439837,0.6012117277940063,0.7280795172168973,0.7202247191011235,0.4812941520712286
CUST10068,21,Female,North,Basic,66,1.63,447.2,46.0,48.2,44.4,3.65,306.9,1,2.9,No,0.014952841039797557,0.4621876014281078,0.5111821086261981,0.3303370786516854,0.01119215817414202
CUST10069,20,Female,South,Basic,24,1.81,20.0,60.0,64.57,63.0,2.19,357.87,4,3.7,Yes,0.019093627789279963,0.0,0.7048869956218198,0.5393258426966292,0.06445679889645949
CUST10070,24,Female,South,Standard,31,11.22,253.0,48.0,52.15,55.25,4.23,790.66,2,3.3,Yes,0.2355647573038877,0.2520826571459483,0.5579221393917879,0.45224719101123595,0.5167307611921582
CUST10071,20,Male,South,Basic,14,6.95,553.8,20.0,54.88,61.2,1.99,541.07,0,4.0,No,0.137336093857833,0.5775181218219193,0.5902260087563602,0.5191011235955056,0.2559043598210928
CUST10072,50,Female,West,Standard,47,7.87,648.3,42.0,53.45,56.5,3.91,629.36,1,3.3,Yes,0.15850011502185415,0.6797576544411987,0.5733049343272986,0.46629213483146065,0.3481691259457427
CUST10073,24,Male,South,Premium,29,2.82,629.7,26.0,58.46,55.2,1.31,947.8,3,5.0,Yes,0.04232804232804232,0.6596343178621661,0.6325878594249201,0.451685393258427,0.6809451155791498
CUST10074,49,Male,West,Basic,25,6.59,143.4,10.0,82.16,54.1,3.98,440.88,1,3.1,No,0.12905452035886816,0.13350643730390568,0.9130280440184593,0.4393258426966292,0.1512038623918405
CUST10075,27,Male,West,Basic,51,24.59,484.3,39.0,62.57,45.8,2.35,644.51,3,3.3,No,0.5431331953071082,0.5023260846045656,0.6812211572594958,0.34606741573033706,0.3640011704217699
CUST10076,68,Male,South,Basic,30,11.42,612.8,27.0,24.29,47.8,1.67,440.41,0,3.0,Yes,0.24016563146997924,0.6413502109704641,0.22825701100461482,0.3685393258426966,0.1507127032562806
CUST10077,55,Female,West,Basic,34,7.47,131.5,151.0,54.7,78.7,2.56,417.59,2,2.9,No,0.14929836668967103,0.120631829492589,0.5880960833037511,0.7157303370786517,0.12686535969569035
CUST10078,37,Female,East,Standard,32,5.03,428.6,68.0,65.12,53.3,3.11,764.36,0,2.2,No,0.09316770186335405,0.442064264849075,0.711395101171459,0.43033707865168536,0.4892467499895499
CUST10079,40,Female,West,Standard,19,5.17,479.3,40.0,66.04,42.4,2.26,659.41,1,3.9,No,0.09638831377961811,0.4969165855241805,0.722281386818128,0.30786516853932583,0.3795719600384567
CUST10080,21,Female,South,Standard,10,1.68,375.9,29.0,41.6,46.7,3.41,698.8,0,2.8,No,0.016103059581320446,0.3850481445418154,0.43308484203052894,0.3561797752808989,0.4207352756761276
CUST10081,20,Male,South,Standard,60,7.9,96.6,28.0,65.47,72.6,2.16,615.16,2,3.9,No,0.15919024614676786,0.08287352591150059,0.7155366228848656,0.647191011235955,0.3333298499352088
CUST10082,45,Female,South,Standard,7,11.58,371.4,12.0,61.92,65.8,3.48,709.06,2,3.3,No,0.2438463308028525,0.38017959536946877,0.6735297597917406,0.5707865168539326,0.43145717510345694
CUST10083,19,Female,North,Premium,24,2.4,371.1,7.0,86.59,64.0,3.29,872.12,0,3.3,No,0.032666206579250054,0.3798550254246457,0.965447875991007,0.550561797752809,0.601858044559629
CUST10084,51,Male,South,Basic,49,4.35,403.3,13.0,36.75,50.9,2.73,367.05,1,3.5,No,0.07752472969864273,0.4146921995023261,0.3756951840018932,0.40337078651685393,0.0740500773314384
CUST10085,37,Female,West,Basic,10,3.15,328.6,24.0,40.39,64.2,2.31,464.06,2,3.6,No,0.04991948470209339,0.3338742832413719,0.4187670098213229,0.5528089887640449,0.1754274129498809
CUST10086,25,Female,East,Basic,48,3.57,350.3,6.0,43.41,44.7,2.97,417.68,0,2.9,No,0.059581320450885655,0.35735150925024345,0.4545024257484321,0.33370786516853934,0.1269594114450529
CUST10087,45,Female,North,Standard,53,6.92,422.9,17.0,40.65,50.8,3.41,672.97,3,2.8,No,0.13664596273291924,0.4358974358974359,0.421843568808425,0.4022471910112359,0.39374242360907924
CUST10088,46,Female,South,Standard,48,1.72,509.6,21.0,34.65,70.5,5.07,618.14,3,1.0,No,0.01702323441453876,0.5296981499513146,0.35084605372145306,0.6235955056179775,0.3364440078585462
CUST10089,56,Female,North,Basic,22,9.97,375.2,21.0,6.56,69.0,3.83,446.68,2,1.3,No,0.20680929376581547,0.38429081467056153,0.018459353922612703,0.6067415730337079,0.15726497512853743
CUST10090,28,Female,North,Standard,2,10.91,356.3,15.0,41.48,39.3,3.87,731.02,2,2.7,No,0.2284334023464458,0.36384290814670567,0.4316648917287894,0.2730337078651685,0.4544058019479163
CUST10091,46,Male,South,Basic,64,5.68,446.6,19.0,53.54,41.3,6.2,487.14,0,2.5,Yes,0.10812054290315157,0.46153846153846156,0.5743698970536031,0.29550561797752806,0.19954646156418512
CUST10092,61,Female,South,Standard,24,1.33,84.2,82.0,40.6,56.7,3.37,512.6,2,2.4,Yes,0.008051529790660227,0.06945796819214542,0.4212519228493669,0.46853932584269664,0.22615265643940985
CUST10093,32,Male,South,Standard,58,3.5,515.9,39.0,77.03,82.6,3.33,624.25,1,2.9,No,0.05797101449275362,0.5365141187925998,0.8523251686190982,0.7595505617977527,0.3428290766208252
CUST10094,61,Male,East,Standard,15,14.9,429.9,17.0,48.2,24.4,3.57,747.15,0,2.9,No,0.32022084195997236,0.4434707346099751,0.5111821086261981,0.10561797752808987,0.47126196547255783
CUST10095,55,Female,North,Basic,12,1.1,437.1,23.0,67.37,59.5,1.69,400.16,2,4.0,No,0.0027605244996549367,0.4512604132857298,0.7380191693290735,0.5,0.10865067090247883
CUST10096,40,Male,South,Standard,57,5.33,602.9,24.0,51.92,33.0,2.31,703.17,2,4.2,No,0.10006901311249135,0.6306394027913015,0.5552005679801206,0.20224719101123595,0.42530201061739753
CUST10097,63,Female,East,Standard,68,3.1,78.5,14.0,60.4,44.9,2.24,682.31,2,4.1,No,0.04876926616057051,0.06329113924050633,0.6555437226363743,0.3359550561797753,0.40350290515403586
CUST10098,68,Male,East,Basic,62,11.28,74.7,14.0,52.19,49.2,3.51,449.91,1,3.2,No,0.23694501955371514,0.059179919939413614,0.5583954561590344,0.38426966292134834,0.1606403879112152
CUST10099,30,Male,West,Basic,55,4.31,479.3,50.0,68.53,48.3,2.61,395.88,1,3.0,No,0.07660455486542442,0.4969165855241805,0.7517453555792214,0.3741573033707865,0.10417798771057143
CUST10100,68,Male,East,Premium,18,8.69,428.7,18.0,48.84,46.5,2.95,987.64,3,3.1,Yes,0.17736369910282948,0.4421724548306827,0.5187551769021418,0.3539325842696629,0.7225786899636335
CUST10101,18,Male,South,Premium,66,9.66,460.6,11.0,55.44,55.1,4.0,1070.14,2,2.8,No,0.19967793880837356,0.47668505896354,0.5968524434978109,0.450561797752809,0.8087927935459601
CUST10102,24,Female,West,Standard,49,22.06,346.8,24.0,53.49,46.4,3.75,741.1,2,3.0,Yes,0.48493213710605004,0.35356485989397385,0.573778251094545,0.35280898876404493,0.4649395978765206
CUST10103,20,Male,West,Basic,13,5.86,549.6,27.0,43.68,31.6,2.62,430.71,2,3.7,No,0.11226132965263401,0.5729741425943958,0.45769731392734586,0.1865168539325843,0.14057601471387368
CUST10104,37,Female,East,Premium,10,8.54,597.9,6.0,54.07,67.5,2.06,1010.32,2,4.2,Yes,0.1739130434782608,0.6252299037109164,0.580641344219619,0.5898876404494382,0.7462797308029931
CUST10105,66,Female,West,Standard,63,2.55,517.1,24.0,81.52,67.0,4.05,750.12,1,3.7,No,0.03611686220381872,0.5378123985718923,0.9054549757425155,0.5842696629213483,0.4743656732015216
CUST10106,49,Male,West,Standard,20,6.51,383.1,45.0,43.94,68.5,3.65,719.42,2,2.1,No,0.12721417069243152,0.3928378232175701,0.46077387291444794,0.601123595505618,0.44228357647452243
CUST10107,50,Female,West,Standard,56,4.08,50.6,34.0,54.29,30.3,1.03,726.21,1,4.8,No,0.07131354957441913,0.03310613437195716,0.5832445864394745,0.17191011235955056,0.44937925845420734
CUST10108,22,Male,North,Basic,10,4.64,568.5,117.0,66.87,59.8,2.46,494.6,1,4.0,Yes,0.08419599723947548,0.5934220491182517,0.7321027097384925,0.5033707865168539,0.2073423065669022
CUST10109,44,Male,East,Basic,21,6.59,649.9,59.0,65.1,65.8,2.98,435.03,6,2.9,Yes,0.12905452035886816,0.681488694146922,0.7111584427878357,0.5707865168539326,0.1450904986832755
CUST10110,37,Female,South,Premium,21,2.42,546.0,68.0,48.18,38.5,3.66,951.93,3,3.8,No,0.03312629399585921,0.5690793032565185,0.5109454502425748,0.2640449438202247,0.685261045855453
CUST10111,42,Female,East,Standard,21,7.76,271.7,174.0,12.25,55.1,3.8,677.46,2,2.2,No,0.15596963423050375,0.2723141837065888,0.08578866406342445,0.450561797752809,0.3984345608828325
CUST10112,31,Female,East,Basic,49,12.54,551.3,42.0,55.75,53.1,3.11,460.17,2,2.6,No,0.26593052680009194,0.5748133722817267,0.6005206484439711,0.4280898876404495,0.17136228733854456
CUST10113,28,Male,West,Basic,66,8.09,584.9,27.0,14.71,84.5,3.44,494.52,0,2.2,No,0.16356107660455482,0.6111652061019149,0.11489764524908296,0.7808988764044944,0.20725870501191324
CUST10114,67,Male,West,Standard,66,2.38,710.6,49.0,70.05,85.8,2.87,675.99,1,3.2,No,0.03220611916264089,0.7471600129827979,0.7697313927345876,0.7955056179775281,0.39689838230991104
CUST10115,47,Female,South,Basic,54,6.17,272.3,17.0,50.54,28.4,2.06,448.96,5,4.0,No,0.11939268461007589,0.27296332359623504,0.5388711395101171,0.15056179775280898,0.1596476194457217
CUST10116,39,Female,East,Premium,15,10.83,389.2,26.0,63.0,94.9,2.51,952.09,1,2.9,Yes,0.22659305268000915,0.39943741209563993,0.6863093125073956,0.8977528089887641,0.685428248965431
CUST10117,21,Female,East,Standard,70,1.97,564.5,16.0,34.47,40.4,2.82,607.61,0,2.9,Yes,0.022774327122153205,0.5890944498539435,0.3487161282688439,0.2853932584269663,0.3254399531831293
CUST10118,57,Male,South,Standard,40,3.32,440.3,32.0,24.71,70.7,2.76,786.81,3,2.9,No,0.05383022774327121,0.4547224926971763,0.23322683706070288,0.6258426966292135,0.5127074363583163
CUST10119,42,Female,North,Standard,40,11.82,228.9,16.0,51.91,70.5,0.73,710.14,1,3.8,Yes,0.24936737980216236,0.22600887157849184,0.555082238788309,0.6235955056179775,0.43258579609580744
CUST10120,38,Male,North,Standard,51,7.97,504.6,15.0,47.5,39.1,2.36,654.21,1,3.8,No,0.1608005521048999,0.5242886508709294,0.5028990651993847,0.2707865168539326,0.37413785896417684
CUST10121,52,Male,West,Standard,56,8.74,534.2,33.0,40.63,62.9,2.86,780.15,2,3.2,Yes,0.1785139176443524,0.5563128854268096,0.4216069104248018,0.5382022471910112,0.5057476069054885
CUST10122,24,Male,South,Standard,69,22.39,445.8,22.0,49.27,53.3,2.49,798.84,2,2.8,No,0.49252357948010117,0.46067294168559997,0.5238433321500414,0.43033707865168536,0.5252790201897757
CUST10123,45,Male,West,Basic,42,9.07,469.5,6.0,89.51,63.9,2.53,485.22,1,3.5,No,0.18610536001840347,0.4863139673266256,1.0,0.549438202247191,0.197540024244451
CUST10124,62,Female,South,Standard,44,10.25,383.4,9.0,60.52,58.7,3.34,702.91,2,2.0,Yes,0.21325051759834365,0.39316239316239315,0.6569636729381139,0.4910112359550562,0.42503030556368354
CUST10125,42,Male,West,Basic,54,38.94,696.1,11.0,63.74,74.1,1.61,615.11,0,4.0,No,0.8732459167241775,0.7314724656496809,0.6950656727014555,0.6640449438202246,0.3332775989633408
CUST10126,18,Female,South,Standard,19,5.82,267.9,13.0,60.66,56.2,1.01,674.59,1,3.5,No,0.11134115481941567,0.268202964405496,0.6586202816234764,0.4629213483146068,0.3954353550976049
CUST10127,29,Male,West,Basic,23,3.98,324.3,33.0,70.19,52.3,2.42,346.83,1,3.9,No,0.06901311249137335,0.32922211403224066,0.7713880014199502,0.4191011235955056,0.052919784307988126
CUST10128,20,Female,North,Basic,46,8.83,432.0,29.0,45.15,72.5,3.64,447.14,1,2.8,No,0.18058431101909359,0.4457427242237369,0.47509170512365395,0.6460674157303371,0.15774568406972372
CUST10129,44,Male,East,Basic,5,8.89,588.2,52.0,17.18,64.3,4.66,468.62,0,2.3,Yes,0.18196457326892107,0.6147354754949692,0.14412495562655306,0.5539325842696629,0.1801927015842495
CUST10130,36,Male,West,Standard,24,4.75,160.5,42.0,45.17,66.7,3.66,779.28,2,2.1,No,0.08672647803082585,0.1520069241588229,0.47532836350727725,0.5808988764044944,0.504838439994984
CUST10131,24,Male,West,Basic,52,3.42,194.1,52.0,60.18,44.4,1.18,424.25,1,4.2,No,0.05613066482631699,0.18835875797901114,0.6529404804165188,0.3303370786516854,0.13382518914851818
CUST10132,53,Female,West,Premium,71,30.01,63.2,38.0,33.45,38.3,2.54,1000.68,0,4.3,No,0.6678168852081895,0.046738072054527756,0.3366465507040587,0.26179775280898876,0.7362057434268279
CUST10133,27,Male,North,Standard,38,8.27,435.9,28.0,45.35,45.9,3.08,693.45,1,4.3,No,0.16770186335403722,0.4499621335064373,0.4774582889598864,0.347191011235955,0.4151444216862435
CUST10134,35,Female,South,Basic,29,4.15,228.7,53.0,37.62,45.1,3.0,574.57,3,3.8,No,0.07292385553255118,0.22579249161527642,0.38598982368950413,0.3382022471910113,0.2909125109727042
CUST10135,69,Female,North,Standard,32,12.13,360.8,47.0,70.53,67.6,3.39,769.43,1,3.5,Yes,0.2564987347596043,0.3687114573190523,0.7754111939415453,0.5910112359550561,0.4945449985369728
CUST10136,21,Male,North,Basic,50,6.23,549.0,32.0,59.24,70.6,1.79,391.78,2,3.0,No,0.12077294685990336,0.5723250027047496,0.6418175363862265,0.6247191011235954,0.09989340801738911
CUST10137,30,Female,East,Premium,40,5.67,314.5,60.0,57.77,52.5,2.87,1015.53,0,3.9,No,0.107890499194847,0.31861949583468574,0.6244231451899184,0.42134831460674155,0.7517242820716465
CUST10138,34,Male,East,Standard,2,9.64,471.6,5.0,57.32,77.9,3.26,666.03,3,2.8,Yes,0.1992178513917644,0.48858595694038737,0.6190983315583954,0.7067415730337079,0.3864899887137901
CUST10139,44,Male,West,Standard,39,2.89,376.1,20.0,47.44,76.9,3.71,591.88,1,2.9,No,0.04393834828617437,0.3852645245050309,0.5021890900485149,0.6955056179775282,0.3090017974334323
CUST10140,30,Male,West,Basic,29,8.41,551.0,20.0,50.96,58.9,1.91,430.3,3,3.2,Yes,0.17092247527030133,0.5744888023369036,0.5438409655662052,0.49325842696629213,0.14014755674455548
CUST10141,68,Female,East,Standard,51,23.18,515.5,55.0,30.22,41.8,2.42,793.11,2,3.2,Yes,0.5106970324361628,0.536081358866169,0.29842622174890543,0.30112359550561796,0.5192910588136941
CUST10142,18,Female,West,Standard,64,9.05,305.5,74.0,15.2,80.2,0.1,600.33,2,3.3,No,0.1856452726017943,0.30888239748999247,0.1206957756478523,0.7325842696629213,0.31783221167913733
CUST10143,67,Male,North,Premium,70,5.24,399.6,9.0,50.25,54.0,2.12,917.24,0,3.7,No,0.09799861973775015,0.4106891701828411,0.5354395929475801,0.43820224719101125,0.6490093215733813
CUST10144,45,Male,North,Standard,44,4.81,617.9,66.0,52.86,57.0,2.22,678.43,1,3.8,No,0.08810674028065331,0.646867900032457,0.566323512010413,0.47191011235955055,0.3994482297370731
CUST10145,19,Female,East,Standard,27,5.12,500.8,11.0,66.14,49.6,1.68,657.27,1,3.8,No,0.09523809523809523,0.5201774315698366,0.7234646787362442,0.3887640449438202,0.3773356184425031
CUST10146,24,Male,West,Basic,32,5.67,178.5,11.0,71.57,40.8,2.98,454.73,0,3.2,No,0.107890499194847,0.17148112084820946,0.7877174298899537,0.28988764044943816,0.1656773815992978
CUST10147,23,Female,North,Basic,13,5.23,548.0,21.0,71.55,31.5,2.74,363.57,0,5.0,No,0.09776857602944558,0.5712431028886725,0.7874807715063306,0.1853932584269663,0.07041340968942023
CUST10148,32,Female,South,Standard,68,12.13,234.8,20.0,33.03,65.1,0.31,761.06,0,5.0,Yes,0.2564987347596043,0.23239208049334634,0.33167672464797066,0.5629213483146067,0.4857981858462568
CUST10149,35,Male,East,Standard,62,2.17,684.3,8.0,42.72,42.5,3.04,596.91,0,3.6,No,0.027375201288244763,0.7187060478199718,0.4463377115134303,0.3089887640449438,0.3142582452033608
CUST10150,51,Female,North,Basic,62,11.71,614.3,39.0,55.21,104.0,1.78,559.61,2,2.2,No,0.24683689901081202,0.6429730606945797,0.5941308720861437,1.0,0.27527902018977557
CUST10151,34,Male,South,Premium,24,5.22,482.2,39.0,85.98,37.6,3.33,885.95,3,3.7,Yes,0.09753853232114101,0.5000540949908039,0.9582297952904981,0.2539325842696629,0.616310663378339
CUST10152,55,Female,West,Premium,24,8.54,458.3,51.0,70.2,34.9,1.39,940.15,1,4.8,Yes,0.1739130434782608,0.47419668938656284,0.7715063306117619,0.2235955056179775,0.6729507168833342
CUST10153,33,Male,East,Basic,62,3.21,392.4,18.0,64.79,63.2,2.83,441.22,3,4.2,No,0.051299746951920855,0.4028994915070864,0.7074902378416755,0.5415730337078652,0.15155916900054348
CUST10154,31,Female,North,Standard,40,15.86,552.1,24.0,42.18,79.5,2.49,835.69,3,2.2,Yes,0.3423050379572118,0.5756788921345883,0.4399479351556029,0.7247191011235955,0.5637879864565482
CUST10155,32,Female,West,Basic,51,15.02,363.3,24.0,34.75,56.0,3.13,506.45,1,2.9,No,0.3229813664596273,0.37141620685924487,0.3520293456395693,0.4606741573033708,0.21972578689963637
CUST10156,35,Male,South,Standard,36,12.48,472.4,80.0,59.83,64.2,2.94,754.84,3,3.4,Yes,0.26455026455026454,0.48945147679324896,0.648798958703112,0.5528089887640449,0.47929816494586813
CUST10157,61,Male,West,Basic,32,2.5,586.9,3.0,31.49,25.5,2.52,414.96,1,4.1,No,0.034966643662295835,0.613329005734069,0.3134540291089811,0.11797752808988764,0.12411695857542951
CUST10158,30,Female,South,Standard,46,11.46,328.9,13.0,44.42,44.2,1.11,661.31,0,3.8,Yes,0.2410858063031976,0.33419885318619497,0.46645367412140576,0.3280898876404495,0.38155749696944363
CUST10159,32,Female,East,Standard,59,8.7,319.1,25.0,46.28,37.8,1.18,674.24,1,3.3,Yes,0.17759374281113408,0.3235962349886401,0.48846290379836704,0.25617977528089886,0.39506959829452837
CUST10160,67,Male,South,Standard,25,2.36,215.0,11.0,71.89,24.7,2.16,596.5,1,4.8,No,0.03174603174603174,0.2109704641350211,0.7915039640279257,0.10898876404494381,0.3138297872340426
CUST10161,51,Male,South,Basic,59,6.58,238.4,20.0,42.68,56.9,2.79,368.15,2,3.3,No,0.12882447665056357,0.23628691983122366,0.44586439474618383,0.4707865168539326,0.07519959871253605
CUST10162,27,Male,West,Premium,18,8.47,100.9,22.0,11.41,19.1,2.13,1021.92,3,3.5,No,0.1723027375201288,0.08752569512063184,0.07584901195124837,0.0460674157303371,0.7584019562763868
CUST10163,63,Female,North,Basic,30,9.6,561.4,15.0,55.57,33.8,3.49,394.83,2,3.8,No,0.19829767655854608,0.5857405604241047,0.598390722991362,0.21123595505617973,0.1030807173013418
CUST10164,27,Female,North,Basic,66,7.5,755.6,26.0,37.51,46.4,2.49,461.58,0,3.1,No,0.14998849781458473,0.7958455047062643,0.3846882025795763,0.35280898876404493,0.17283576474522427
CUST10165,26,Male,South,Standard,69,8.08,686.6,38.0,48.64,41.7,1.74,625.88,2,3.5,No,0.16333103289625026,0.7211944173969491,0.5163885930659093,0.30000000000000004,0.3445324583037245
CUST10166,41,Male,East,Standard,67,17.42,137.3,21.0,46.7,61.3,2.49,769.82,1,3.8,No,0.378191856452726,0.1269068484258358,0.4934327298544551,0.5202247191011236,0.4949525561175439
CUST10167,53,Male,West,Premium,23,14.83,560.5,18.0,43.89,59.9,3.05,1011.1,2,3.3,No,0.3186105360018403,0.5847668505896354,0.46018222695538985,0.5044943820224719,0.7470948459641351
CUST10168,27,Male,West,Premium,61,1.04,686.0,22.0,59.86,69.3,3.16,1032.6,2,3.4,No,0.0013802622498274683,0.7205452775073029,0.6491539462785468,0.6101123595505618,0.7695627638674079
CUST10169,57,Female,South,Basic,68,5.44,347.8,24.0,25.01,67.0,4.87,449.44,2,2.8,No,0.10259949390384174,0.3546467597100509,0.23677671281505147,0.5842696629213483,0.16014922877565527
CUST10170,26,Female,South,Premium,71,6.01,448.3,7.0,40.24,73.3,2.06,1053.03,3,2.5,No,0.11571198527720264,0.46337769122579253,0.4169920719441486,0.6550561797752809,0.7909125109727041
CUST10171,58,Female,North,Basic,2,2.14,68.6,34.0,58.26,55.0,2.72,370.28,0,3.2,No,0.02668507016333103,0.052580331061343716,0.6302212755886877,0.449438202247191,0.0774254901141161
CUST10172,22,Male,East,Standard,54,7.11,478.0,18.0,38.79,59.9,3.27,694.75,1,3.0,No,0.14101679319070623,0.49551011576328036,0.3998343391314637,0.5044943820224719,0.41650294695481344
CUST10173,42,Male,West,Basic,72,15.05,238.6,59.0,23.87,63.2,2.77,435.34,1,2.4,No,0.323671497584541,0.23650329979443904,0.2232871849485268,0.5415730337078652,0.14541445470885758
CUST10174,51,Male,East,Premium,56,3.3,465.9,37.0,58.03,57.3,2.25,946.05,1,4.1,Yes,0.053370140326662055,0.48241912798874825,0.6274997041770205,0.47528089887640446,0.679116331563767
CUST10175,31,Male,East,Basic,17,8.32,149.0,56.0,64.85,48.6,1.1,434.5,0,4.2,No,0.16885208189556014,0.13956507627393705,0.7082002129925451,0.3775280898876405,0.14453663838147393
CUST10176,49,Female,South,Basic,55,3.69,527.7,12.0,47.33,49.7,2.24,381.22,3,3.0,No,0.06234184495054059,0.5492805366223088,0.500887468938587,0.38988764044943824,0.08885800275885136
CUST10177,53,Male,West,Standard,8,4.32,614.4,19.0,18.59,41.9,1.62,608.07,0,3.4,No,0.076834598573729,0.6430812506761874,0.16080937167199147,0.3022471910112359,0.32592066212431564
CUST10178,51,Female,South,Premium,35,6.51,289.0,10.0,58.59,61.7,0.9,976.08,1,4.1,No,0.12721417069243152,0.29103105052472145,0.6341261389184711,0.5247191011235955,0.7104982652677342
CUST10179,38,Male,North,Premium,46,4.7,225.4,15.0,23.1,53.5,1.92,848.51,3,3.7,No,0.08557625948930296,0.22222222222222224,0.21417583717903207,0.43258426966292135,0.577185135643523
CUST10180,58,Female,South,Standard,33,9.03,41.9,59.0,52.63,44.4,1.65,645.08,1,4.2,Yes,0.18518518518518515,0.023693605972086983,0.5636019405987457,0.3303370786516854,0.36459683150106603
CUST10181,56,Male,North,Premium,51,1.98,382.0,69.0,34.69,44.4,3.44,995.39,4,3.3,No,0.023004370830457786,0.39164773341988535,0.3513193704886995,0.3303370786516854,0.7306775906031854
CUST10182,34,Male,North,Premium,18,22.43,325.3,11.0,30.6,35.6,3.46,995.66,1,3.3,No,0.49344375431331944,0.3303040138483177,0.30292273103774703,0.2314606741573034,0.730959745851273
CUST10183,56,Male,North,Standard,44,9.89,150.8,18.0,41.37,70.7,1.81,633.09,2,3.1,No,0.20496894409937885,0.1415124959428757,0.4303632706188616,0.6258426966292135,0.3520670484471012
CUST10184,65,Female,South,Basic,47,5.94,511.5,23.0,45.25,56.3,2.51,533.14,2,2.9,No,0.11410167931907063,0.5317537596018609,0.4762749970417702,0.4640449438202247,0.24761735568281573
CUST10185,60,Female,East,Standard,46,9.72,349.0,37.0,38.34,41.2,0.76,672.31,0,3.3,No,0.20105820105820105,0.3559450394893433,0.39450952549994084,0.29438202247191014,0.39305271078042053
CUST10186,56,Female,South,Standard,21,2.67,236.4,7.0,56.83,67.9,2.26,682.68,1,3.3,No,0.038877386703473654,0.23412312019906958,0.613300201159626,0.5943820224719102,0.40388956234585965
CUST10187,57,Female,South,Standard,22,14.42,330.2,8.0,41.31,46.0,3.24,770.85,0,4.1,No,0.3091787439613526,0.3356053229470951,0.42965329546799197,0.34831460674157305,0.4960289261380263
CUST10188,59,Male,West,Basic,19,5.42,622.8,35.0,62.7,32.5,3.71,467.96,1,4.4,Yes,0.10213940648723255,0.6521692091312344,0.682759436753047,0.19662921348314608,0.17950298875559087
CUST10189,33,Male,West,Standard,34,5.86,538.5,6.0,52.22,71.3,2.02,600.43,1,3.7,No,0.11226132965263401,0.5609650546359407,0.5587504437344692,0.6325842696629214,0.3179367136228734
CUST10190,55,Male,South,Basic,43,4.86,406.6,18.0,37.54,46.4,3.96,415.45,3,3.1,No,0.08925695882217621,0.4182624688953803,0.3850431901550112,0.35280898876404493,0.12462901809973667
CUST10191,28,Male,South,Premium,27,4.58,541.4,27.0,35.01,48.5,1.13,887.48,3,3.7,No,0.08281573498964802,0.5641025641025641,0.35510590462667135,0.37640449438202245,0.617909543117502
CUST10192,36,Male,West,Basic,30,10.5,221.0,33.0,23.29,55.7,1.43,596.55,0,2.6,Yes,0.2190016103059581,0.2174618630314833,0.21642409182345282,0.4573033707865169,0.31388203820591065
CUST10193,66,Male,North,Basic,21,7.9,435.8,22.0,52.36,73.3,3.58,358.68,2,2.7,No,0.15919024614676786,0.44985394352482966,0.5604070524198319,0.6550561797752809,0.06530326464072234
CUST10194,32,Female,South,Premium,16,10.21,456.5,19.0,42.68,55.3,4.64,952.63,2,2.6,No,0.21233034276512536,0.47224926971762415,0.44586439474618383,0.4528089887640449,0.6859925594616062
CUST10195,61,Male,West,Basic,48,6.65,345.4,44.0,12.42,35.8,3.34,381.67,0,2.9,No,0.13043478260869562,0.352050200151466,0.08780026032422197,0.23370786516853928,0.08932826150566404
CUST10196,39,Male,South,Basic,59,9.33,508.4,30.0,39.96,63.7,2.76,372.66,0,3.3,Yes,0.1920864964343225,0.5283998701720221,0.41367885457342324,0.547191011235955,0.07991263637503662
CUST10197,28,Male,East,Standard,21,6.51,289.5,16.0,34.48,47.2,0.39,753.93,3,4.5,No,0.12721417069243152,0.29157200043275994,0.3488344574606555,0.3617977528089888,0.478347197257869
CUST10198,23,Female,East,Premium,62,28.48,521.8,25.0,71.64,85.2,0.58,1253.11,1,3.6,Yes,0.632620197837589,0.5428973277074542,0.7885457342326352,0.7887640449438202,1.0
CUST10199,46,Female,East,Basic,42,2.41,529.3,32.0,22.46,55.0,2.94,387.29,3,2.4,No,0.032896250287554635,0.551011576328032,0.2066027689030884,0.449438202247191,0.09520127074363587
CUST10200,41,Female,South,Basic,13,15.17,20.0,82.0,26.38,19.2,2.41,417.4,2,4.5,No,0.3264320220841959,0.0,0.2529878120932434,0.047191011235955045,0.12666680600259164
CUST10201,44,Female,North,Standard,27,16.27,644.3,43.0,64.65,60.7,1.58,623.59,2,4.3,No,0.3517368299976995,0.6754300551768906,0.7058336291563129,0.5134831460674157,0.34213936379216664
CUST10202,20,Male,South,Premium,1,3.84,20.0,57.0,68.35,86.1,2.87,958.61,2,2.9,Yes,0.06579250057510926,0.0,0.7496154301266121,0.7988764044943819,0.6922417756970282
CUST10203,31,Male,North,Standard,3,28.48,319.1,16.0,36.83,80.2,2.93,802.48,1,2.5,No,0.632620197837589,0.3235962349886401,0.3766418175363862,0.7325842696629213,0.5290828909417716
CUST10204,18,Female,West,Basic,25,12.77,614.6,17.0,38.52,84.3,3.84,439.8,3,2.2,No,0.27122153209109723,0.6432976306394028,0.39663945095255,0.7786516853932584,0.15007524139949008
CUST10205,33,Male,South,Basic,33,12.57,372.9,21.0,57.24,38.7,2.95,486.6,2,3.7,Yes,0.2666206579250057,0.38180244509358435,0.6181516980239025,0.2662921348314607,0.19898215106800993
CUST10206,66,Male,East,Basic,58,6.81,166.1,22.0,13.09,69.6,4.15,461.59,1,2.2,No,0.1341154819415689,0.15806556312885428,0.09572831617560051,0.6134831460674157,0.17284621493959787
CUST10207,25,Male,West,Basic,10,5.81,233.1,12.0,20.08,43.4,2.81,451.63,3,4.4,No,0.11111111111111109,0.23055285080601537,0.17844042125192283,0.3191011235955056,0.162437821343477
CUST10208,53,Male,West,Standard,61,5.84,614.8,60.0,43.79,58.6,2.67,666.65,2,3.3,No,0.11180124223602482,0.6435140106026181,0.4589989350372737,0.4898876404494382,0.38713790076495425
CUST10209,18,Male,South,Basic,17,8.62,84.1,46.0,71.25,34.6,3.97,390.13,2,4.0,No,0.17575339314469743,0.0693497782105377,0.7839308957519819,0.22022471910112362,0.0981691259457426
CUST10210,47,Female,South,Standard,10,16.62,633.2,20.0,41.46,44.7,1.72,785.34,0,2.8,No,0.35978835978835977,0.6634209672184357,0.4314282333451662,0.33370786516853934,0.511171257785395
CUST10211,65,Female,West,Standard,51,7.52,420.1,38.0,49.51,44.2,5.9,694.81,0,2.2,No,0.1504485852311939,0.43286811641242023,0.5266832327535202,0.3280898876404495,0.41656564812105507
CUST10212,35,Male,East,Standard,56,3.7,215.4,29.0,65.01,69.4,3.21,720.06,0,3.9,No,0.06257188865884518,0.21140322406145193,0.7100934800615312,0.6112359550561799,0.44295238891443384
CUST10213,28,Male,West,Basic,44,11.43,325.0,41.0,48.2,67.8,3.22,511.03,2,3.7,No,0.24039567517828384,0.32997944390349454,0.5111821086261981,0.593258426966292,0.22451197592275218
CUST10214,47,Female,West,Premium,9,12.17,246.9,10.0,39.35,59.4,3.38,943.82,1,1.0,Yes,0.2574189095928226,0.2454830682678784,0.40646077387291446,0.49887640449438203,0.6767859382184511
CUST10215,32,Female,West,Standard,9,10.23,585.9,22.0,47.75,33.4,4.86,631.5,1,3.3,Yes,0.2127904301817345,0.612247105917992,0.5058572949946751,0.20674157303370785,0.3504054675416963
CUST10216,64,Female,North,Standard,29,10.85,561.8,24.0,75.33,50.0,3.67,672.55,1,4.6,Yes,0.2270531400966183,0.5861733203505355,0.8322092060111229,0.39325842696629215,0.3933035154453873
CUST10217,62,Female,East,Basic,33,5.61,120.6,38.0,25.17,43.1,1.03,374.57,1,2.6,No,0.10651023694501956,0.10883912149734934,0.2386699798840374,0.3157303370786517,0.08190862350039711
CUST10218,51,Male,North,Basic,72,3.66,357.4,16.0,63.41,68.9,4.34,462.5,2,3.6,No,0.06165171382562686,0.36503299794439037,0.6911608093716719,0.60561797752809,0.1737971826275969
CUST10219,51,Male,East,Premium,21,3.8,274.6,4.0,32.73,73.9,2.43,991.12,0,3.3,No,0.06487232574189095,0.2754516931732122,0.328126848893622,0.6617977528089888,0.7262153576056517
CUST10220,49,Male,West,Standard,14,2.31,662.8,12.0,49.54,71.9,2.92,723.32,3,3.5,Yes,0.030595813204508854,0.6954452017743157,0.5270382203289551,0.6393258426966293,0.44635915228023254
CUST10221,56,Male,South,Basic,69,7.8,187.0,24.0,44.36,42.9,1.39,467.61,1,3.9,No,0.1568898090637221,0.18067726928486422,0.46574369897053597,0.31348314606741573,0.17913723195251435
CUST10222,41,Male,South,Standard,12,6.33,718.8,26.0,33.63,15.0,3.38,698.46,2,2.3,Yes,0.12307338394294913,0.7560315914746294,0.33877647615666784,0.0,0.42037996906742475
CUST10223,68,Male,North,Standard,2,5.02,424.0,80.0,33.25,26.7,2.08,745.11,1,4.0,Yes,0.09293765815504942,0.43708752569512066,0.3342799668678263,0.13146067415730336,0.46913012582034036
CUST10224,35,Female,West,Premium,31,0.98,220.9,37.0,52.15,77.7,2.91,980.72,1,3.6,Yes,0.0,0.2173536730498756,0.5579221393917879,0.7044943820224719,0.7153471554570916
CUST10225,18,Female,North,Basic,29,2.97,308.1,26.0,62.93,48.6,2.49,420.57,2,4.0,No,0.045778697952611,0.31169533701179275,0.6854810081647142,0.3775280898876405,0.12997951761902773
CUST10226,54,Female,North,Premium,45,13.85,285.7,24.0,46.05,43.0,4.92,1113.52,1,3.1,Yes,0.2960662525879917,0.28746078113166723,0.48574133238669975,0.3146067415730337,0.8541257367387034
CUST10227,52,Male,North,Basic,64,4.34,200.6,53.0,49.05,81.3,4.98,431.37,2,1.9,No,0.07729468599033815,0.19539110678351185,0.5212400899301857,0.744943820224719,0.14126572754253233
CUST10228,69,Male,North,Standard,68,8.45,447.1,16.0,56.57,75.2,2.85,682.96,1,2.0,No,0.17184265010351962,0.4620794114465001,0.6102236421725239,0.6764044943820225,0.40418216778832095
CUST10229,38,Female,South,Standard,21,2.71,209.0,22.0,33.43,55.4,2.87,619.18,1,3.4,No,0.039797561536691964,0.2044790652385589,0.33640989232043544,0.45393258426966293,0.3375308280734022
CUST10230,40,Female,South,Basic,71,17.03,37.5,11.0,59.1,50.3,2.39,539.85,0,4.7,Yes,0.36922015182884743,0.01893324678134805,0.6401609277008637,0.39662921348314606,0.25462943610751165
CUST10231,47,Female,South,Basic,46,6.09,361.7,66.0,60.29,52.9,4.02,503.58,2,3.7,No,0.11755233494363926,0.36968516715352157,0.6542421015264466,0.4258426966292135,0.21672658111440876
CUST10232,38,Female,North,Standard,6,8.07,105.5,32.0,87.05,58.6,2.44,694.64,2,3.0,No,0.1631009891879457,0.09250243427458618,0.9708910188143414,0.4898876404494382,0.41638799481670363
CUST10233,58,Male,North,Premium,68,30.32,294.6,15.0,42.36,80.6,2.34,1202.86,3,2.1,Yes,0.6749482401656314,0.29708968949475284,0.442077860608212,0.7370786516853932,0.9474877732725828
CUST10234,40,Female,South,Standard,10,17.92,266.4,23.0,41.13,61.8,3.88,648.17,1,2.2,No,0.38969404186795487,0.2665801146813805,0.4275233700153828,0.5258426966292135,0.3678259415625131
CUST10235,58,Male,North,Premium,43,5.48,273.2,35.0,59.53,66.6,2.21,978.83,1,2.6,No,0.10351966873706003,0.2739370334307043,0.6452490829487635,0.5797752808988763,0.7133720687204784
CUST10236,40,Male,East,Premium,57,4.55,790.2,21.0,60.29,73.7,2.76,974.09,1,3.2,No,0.08212560386473429,0.8332792383425296,0.6542421015264466,0.6595505617977528,0.7084186765873848
CUST10237,29,Female,North,Standard,18,5.41,440.2,17.0,39.97,36.3,1.06,641.48,3,4.3,No,0.10190936277892798,0.4546143027155686,0.41379718376523483,0.23932584269662918,0.36083476152656446
CUST10238,69,Male,South,Standard,20,9.31,474.2,16.0,41.95,67.1,3.57,835.97,1,1.9,Yes,0.19162640901771333,0.4913988964621876,0.43722636374393564,0.5853932584269662,0.5640805918990094
CUST10239,45,Male,South,Basic,35,6.24,110.2,31.0,56.12,50.3,4.93,432.8,4,3.2,Yes,0.12100299056820794,0.09758736341014823,0.604898828541001,0.39662921348314606,0.14276010533795933
CUST10240,54,Male,South,Basic,64,5.17,312.3,19.0,35.59,15.0,3.59,407.59,1,3.8,No,0.09638831377961811,0.3162393162393163,0.36196899775174535,0.0,0.11641516532207498
CUST10241,48,Male,North,Premium,17,17.35,468.8,18.0,41.84,20.9,4.41,1054.53,0,2.9,Yes,0.37658155049459396,0.48555663745537164,0.4359247426340078,0.06629213483146065,0.7924800401287464
CUST10242,36,Male,North,Standard,48,6.21,245.6,10.0,49.34,38.7,1.87,576.11,1,3.8,No,0.12031285944329422,0.24407659850697827,0.5246716364927227,0.2662921348314607,0.2925218409062409
CUST10243,68,Male,West,Basic,33,29.81,593.5,26.0,62.94,63.5,3.06,536.07,3,2.2,No,0.6632160110420978,0.6204695445201774,0.6855993373565258,0.5449438202247191,0.2506792626342851
CUST10244,37,Male,North,Standard,9,7.09,213.5,22.0,38.93,56.8,1.76,745.62,3,3.3,Yes,0.14055670577409704,0.20934761441090555,0.40149094781682637,0.46966292134831455,0.4696630857333947
CUST10245,69,Female,South,Standard,52,21.34,378.5,20.0,20.36,57.9,2.55,742.45,0,2.8,No,0.46836899010812044,0.38786108406361575,0.18175363862264818,0.4820224719101123,0.4663503741169587
CUST10246,40,Male,South,Premium,60,8.43,324.5,28.0,19.25,86.2,3.65,953.99,2,2.0,No,0.17138256268691046,0.32943849399545605,0.1686190983315584,0.8,0.6874137858964178
CUST10247,19,Female,South,Standard,42,12.5,459.6,41.0,29.11,34.7,2.91,796.02,1,3.5,Yes,0.26501035196687367,0.475603159147463,0.28529168145781564,0.2213483146067416,0.5223320653764161
CUST10248,19,Male,South,Standard,13,4.17,314.7,40.0,28.3,54.6,1.25,747.73,2,3.6,Yes,0.07338394294916033,0.3188358757979011,0.2757070169210744,0.4449438202247191,0.4718680767462276
CUST10249,68,Female,West,Standard,12,3.84,381.2,36.0,45.68,59.9,1.35,700.47,3,3.5,No,0.06579250057510926,0.3907822135670237,0.4813631522896698,0.5044943820224719,0.42248045813652146
CUST10250,45,Male,West,Standard,31,9.01,387.5,21.0,30.17,43.2,1.28,678.03,1,3.9,No,0.18472509776857599,0.397598182408309,0.29783457578984734,0.3168539325842697,0.3990302219621285
CUST10251,38,Male,South,Standard,37,12.71,297.8,16.0,37.46,55.5,3.34,712.09,2,3.5,No,0.2698412698412698,0.30055176890619933,0.3840965566205183,0.4550561797752809,0.43462358399866247
CUST10252,60,Male,South,Premium,40,6.86,517.3,12.0,36.39,29.4,5.07,945.93,0,2.7,Yes,0.13526570048309178,0.5380287785351077,0.3714353330966749,0.16179775280898875,0.6789909292312838
CUST10253,50,Female,North,Standard,18,2.9,472.9,16.0,41.39,77.6,4.3,611.69,1,2.4,Yes,0.044168391994478945,0.48999242670128745,0.4305999290024849,0.7033707865168539,0.3297036324875644
CUST10254,52,Female,South,Basic,37,2.76,414.0,25.0,67.84,44.1,0.71,358.12,4,4.5,Yes,0.04094778007821485,0.42626852753435035,0.7435806413442196,0.32696629213483147,0.06471805375579988
CUST10255,53,Female,East,Standard,22,2.64,352.5,14.0,57.93,87.5,4.36,380.85,3,2.0,No,0.038187255578559925,0.3597316888456129,0.6263164122589042,0.8146067415730337,0.08847134556702758
CUST10256,28,Female,North,Standard,50,2.12,573.4,26.0,48.24,54.5,3.83,604.81,1,3.2,No,0.026224982746721876,0.5987233582170292,0.5116554253934446,0.4438202247191011,0.3225138987585169
CUST10257,22,Female,South,Standard,58,7.18,387.5,12.0,41.08,71.4,1.1,906.08,2,3.2,No,0.14262709914883825,0.397598182408309,0.4269317240563246,0.6337078651685394,0.6373469046524267
CUST10258,55,Male,West,Basic,47,13.89,374.8,8.0,41.5,54.1,2.47,494.41,2,3.5,No,0.29698642742121,0.3838580547441307,0.4319015501124127,0.4393258426966292,0.20714375287380352
CUST10259,19,Male,North,Basic,1,6.63,448.8,44.0,52.92,54.5,4.01,451.68,1,3.0,No,0.1299746951920865,0.463918641133831,0.5670334871612827,0.4438202247191011,0.1624900723153451
CUST10260,55,Female,South,Standard,72,1.54,735.4,18.0,56.76,45.7,3.41,751.78,0,3.2,No,0.01288244766505636,0.7739911284215082,0.6124718968169447,0.34494382022471914,0.47610040546754173
CUST10261,24,Female,East,Basic,2,5.91,188.7,14.0,34.39,56.9,1.36,397.7,1,3.3,No,0.11341154819415687,0.18251649897219518,0.3477694947343509,0.4707865168539326,0.10607992308656941
CUST10262,31,Male,North,Premium,72,6.01,568.6,11.0,48.55,60.1,3.47,1001.35,1,2.7,Yes,0.11571198527720264,0.5935302390998594,0.5153236303396047,0.5067415730337079,0.7369059064498602
CUST10263,54,Female,North,Basic,3,26.11,89.2,33.0,17.53,42.5,0.45,572.86,1,2.9,Yes,0.5780998389694041,0.07486746727253057,0.14826647733995976,0.3089887640449438,0.2891255277348159
CUST10264,50,Female,North,Basic,38,2.59,469.1,64.0,51.18,53.0,2.55,400.58,0,3.7,No,0.03703703703703703,0.4858812074001948,0.5464442077860607,0.42696629213483145,0.10908957906617063
CUST10265,58,Male,West,Premium,8,5.19,713.5,19.0,59.43,45.2,4.05,1021.08,2,3.4,Yes,0.09684840119622729,0.7502975224494213,0.6440657910306472,0.33932584269662924,0.7575241399490033
CUST10266,49,Female,North,Basic,7,20.26,518.0,21.0,43.8,91.8,2.82,563.2,2,3.0,No,0.4435242696112261,0.5387861084063617,0.4591172642290853,0.8629213483146068,0.2790306399699035
CUST10267,20,Female,North,Basic,50,8.96,460.7,52.0,75.25,53.6,2.25,470.77,1,3.7,No,0.18357487922705312,0.4767932489451477,0.8312625724766299,0.4337078651685393,0.18243949337457677
CUST10268,61,Male,North,Basic,53,6.51,329.1,7.0,34.78,79.7,3.78,442.78,1,3.3,No,0.12721417069243152,0.3344152331494104,0.3523843332150041,0.7269662921348314,0.1531893993228274
CUST10269,29,Female,North,Basic,9,7.2,435.6,97.0,51.26,51.9,3.87,422.54,2,2.8,No,0.14308718656544742,0.4496375635616142,0.5473908413205537,0.4146067415730337,0.13203820591062998
CUST10270,25,Female,East,Basic,71,8.29,384.6,136.0,47.46,59.1,4.24,373.51,1,2.2,No,0.16816195077064636,0.39446067294168563,0.5024257484321382,0.4955056179775281,0.08080090289679388
CUST10271,63,Female,North,Basic,24,11.08,288.5,4.0,46.5,33.9,3.76,421.15,1,2.8,Yes,0.2323441453876236,0.2904901006166829,0.4910661460182227,0.21235955056179773,0.1305856288926974
CUST10272,28,Female,East,Basic,23,3.95,377.8,23.0,46.29,47.8,3.99,388.49,1,2.0,No,0.06832298136645962,0.3871037541923618,0.48858123299017864,0.3685393258426966,0.0964552940684697
CUST10273,45,Female,East,Basic,22,11.83,465.7,15.0,49.61,58.4,3.61,408.16,1,3.8,No,0.24959742351046696,0.48220274802553287,0.5278665246716364,0.48764044943820223,0.11701082640137112
CUST10274,43,Female,West,Standard,34,2.74,291.9,20.0,60.72,80.4,3.09,689.64,0,3.7,No,0.040487692661605706,0.2941685599913448,0.6593302567743462,0.7348314606741574,0.411162897629896
CUST10275,58,Female,North,Standard,13,8.28,284.9,18.0,68.67,58.6,2.9,764.49,3,3.9,No,0.1679319070623418,0.2865952612788056,0.7534019642645841,0.4898876404494382,0.4893826025164069
CUST10276,20,Male,West,Standard,31,7.51,185.2,43.0,47.97,77.1,2.54,644.12,1,2.5,Yes,0.15021854152288933,0.17872984961592556,0.5084605372145308,0.697752808988764,0.3635936128411989
CUST10277,23,Male,East,Basic,16,4.48,500.3,23.0,60.23,65.3,1.47,441.47,1,4.8,No,0.08051529790660225,0.5196364816617982,0.6535321263755768,0.5651685393258427,0.15182042385988384
CUST10278,39,Male,North,Standard,4,6.59,528.2,13.0,37.47,81.0,1.75,631.66,1,2.8,No,0.12905452035886816,0.5498214865303473,0.3842148858123299,0.7415730337078652,0.35057267065167413
CUST10279,42,Male,West,Premium,27,4.46,471.7,22.0,59.49,54.1,2.49,958.99,2,3.5,Yes,0.08005521048999309,0.48869414692199503,0.644775766181517,0.4393258426966292,0.6926388830832254
CUST10280,58,Female,West,Premium,49,3.33,603.7,35.0,36.57,93.2,3.07,931.01,0,3.1,No,0.05406027145157579,0.6315049226441632,0.3735652585492841,0.8786516853932584,0.6633992392258496
CUST10281,49,Female,South,Basic,55,5.31,445.8,11.0,64.36,47.2,4.38,463.96,3,3.5,No,0.0996089256958822,0.46067294168559997,0.7024020825937758,0.3617977528089888,0.17532291100614472
CUST10282,25,Male,West,Basic,26,3.26,500.6,8.0,81.16,42.7,2.75,381.23,1,5.0,Yes,0.052449965493443745,0.5199610516066213,0.9011951248372972,0.3112359550561798,0.08886845295322497
CUST10283,68,Male,South,Basic,24,8.25,484.7,99.0,46.17,35.6,3.9,504.14,1,3.4,Yes,0.1672417759374281,0.5027588445309964,0.4871612826884392,0.2314606741573034,0.2173117919993312
CUST10284,41,Female,East,Basic,57,3.17,413.5,16.0,15.11,92.3,3.99,404.51,1,1.4,Yes,0.050379572118702545,0.4257275776263118,0.11963081292154773,0.8685393258426966,0.11319650545500147
CUST10285,68,Male,West,Standard,50,10.62,334.5,22.0,39.78,68.1,2.55,676.99,1,2.7,No,0.22176213480561302,0.34025749215622636,0.4115489291208141,0.596629213483146,0.39794340174727255
CUST10286,69,Female,South,Standard,60,3.1,828.5,19.0,66.48,49.7,3.45,598.67,2,2.5,No,0.04876926616057051,0.8747160012982799,0.7274878712578393,0.38988764044943824,0.3160974794131171
CUST10287,20,Male,West,Basic,66,4.63,348.6,36.0,56.3,75.0,2.53,440.71,5,3.0,No,0.08396595353117091,0.35551227956291254,0.6070287539936101,0.6741573033707865,0.15102620908748904
CUST10288,44,Male,South,Standard,60,4.45,310.1,85.0,51.73,66.0,4.25,724.94,1,3.3,No,0.07982516678168851,0.3138591366439468,0.5529523133356998,0.5730337078651685,0.4480520837687582
CUST10289,39,Male,West,Standard,68,15.82,508.1,37.0,63.13,86.5,3.5,758.95,1,3.1,No,0.3413848631239935,0.5280753002271991,0.6878475920009466,0.8033707865168539,0.48359319483342406
CUST10290,43,Male,East,Basic,30,8.29,475.3,8.0,55.27,30.2,1.49,571.88,0,4.3,Yes,0.16816195077064636,0.49258898625987235,0.5948408472370134,0.17078651685393256,0.2881014086862016
CUST10291,34,Female,North,Premium,29,5.83,177.1,9.0,66.27,50.8,2.98,1062.62,1,3.1,Yes,0.11157119852772024,0.16996646110570163,0.7250029582297952,0.4022471910112359,0.8009342473770011
CUST10292,47,Male,South,Basic,24,9.25,632.1,19.0,61.79,47.6,4.61,437.59,2,3.2,No,0.19024614676788587,0.6622308774207509,0.6719914802981896,0.36629213483146067,0.14776574844292104
CUST10293,43,Male,South,Premium,17,1.7,413.0,20.0,70.83,23.4,2.6,941.71,1,4.9,No,0.016563146997929604,0.4251866277182733,0.778961069695894,0.09438202247191009,0.6745809472056181
CUST10294,27,Male,North,Basic,54,6.5,230.0,7.0,53.38,72.0,3.29,463.83,2,3.2,No,0.12698412698412695,0.22719896137617657,0.5724766299846172,0.6404494382022472,0.17518705847928773
CUST10295,33,Male,North,Premium,52,24.49,644.0,44.0,61.58,50.7,3.4,1049.85,0,3.5,No,0.5408327582240624,0.6751054852320676,0.6695065672701455,0.401123595505618,0.7875893491618944
CUST10296,25,Female,South,Premium,58,7.29,542.6,11.0,43.39,66.8,1.66,1056.89,1,3.3,No,0.14515757994018863,0.5654008438818566,0.4542657673648089,0.5820224719101124,0.7949462860009198
CUST10297,61,Female,North,Premium,13,6.99,202.4,70.0,38.98,92.8,3.36,1010.83,2,2.7,Yes,0.1382562686910513,0.1973385264524505,0.40208259377588446,0.8741573033707865,0.7468126907160475
CUST10298,53,Female,North,Premium,36,9.55,749.9,88.0,73.6,49.3,1.27,1020.41,1,2.7,Yes,0.1971474580170232,0.7896786757546251,0.8117382558277125,0.38539325842696626,0.7568239769259709
CUST10299,38,Female,East,Standard,16,6.51,548.6,21.0,51.24,48.3,2.11,758.6,2,3.9,Yes,0.12721417069243152,0.5718922427783187,0.5471541829369305,0.3741573033707865,0.48322743803034746
CUST10300,38,Male,East,Standard,65,1.83,428.2,33.0,60.07,56.9,3.98,754.74,1,4.5,No,0.019553715205889118,0.4416315049226442,0.6516388593065909,0.4707865168539326,0.47919366300213195
CUST10301,22,Male,East,Standard,20,2.24,716.2,10.0,49.86,70.8,3.19,671.84,2,2.1,No,0.028985507246376812,0.7532186519528292,0.530824754466927,0.6269662921348315,0.3925615516448607
CUST10302,33,Female,South,Basic,11,7.67,458.7,38.0,39.2,45.9,2.47,438.8,2,3.3,No,0.15389924085576256,0.4746294493129936,0.40468583599574015,0.347191011235955,0.14903022196212853
CUST10303,66,Female,West,Standard,42,4.2,424.9,17.0,48.16,44.9,3.29,757.18,0,3.3,Yes,0.07407407407407407,0.43806123552959,0.5107087918589516,0.3359550561797753,0.48174351042929403
CUST10304,19,Female,East,Standard,64,15.69,311.1,11.0,69.54,71.9,2.73,796.36,0,3.1,No,0.33839429491603396,0.31494103646002386,0.7636966039521951,0.6393258426966293,0.522687371985119
CUST10305,25,Male,North,Premium,66,5.45,534.7,20.0,56.33,61.1,2.81,964.05,1,3.9,No,0.1028295376121463,0.5568538353348481,0.6073837415690451,0.5179775280898876,0.6979266814362747
CUST10306,61,Female,North,Standard,7,1.9,515.8,18.0,22.33,22.3,3.52,660.69,3,3.3,No,0.02116402116402116,0.536405928810992,0.2050644894095373,0.08202247191011237,0.3809095849182796
CUST10307,45,Female,East,Standard,24,2.93,432.6,20.0,44.77,35.4,2.0,677.33,1,4.0,No,0.04485852311939268,0.44639186411338316,0.47059519583481246,0.2292134831460674,0.39829870835597553
CUST10308,19,Male,North,Standard,12,1.12,287.8,48.0,74.73,79.0,2.84,675.62,1,3.8,Yes,0.0032206119162640928,0.289732770745429,0.8251094545024258,0.7191011235955056,0.39651172511808724
CUST10309,43,Male,South,Basic,23,5.74,453.4,14.0,44.79,61.4,2.46,358.83,3,3.2,Yes,0.10950080515297905,0.4688953802877853,0.47083185421843565,0.5213483146067416,0.06546001755632655
CUST10310,56,Female,West,Basic,39,5.92,417.4,83.0,20.99,42.8,1.06,349.68,1,5.0,No,0.11364159190246144,0.42994698690901223,0.18920837770678023,0.3123595505617977,0.05589808970446852
CUST10311,35,Male,North,Standard,21,5.07,190.0,10.0,76.4,52.3,1.79,630.61,2,4.3,No,0.09408787669657233,0.18392296873309533,0.8448704295349663,0.4191011235955056,0.34947540024244456
CUST10312,37,Female,North,Standard,5,13.48,165.1,76.0,58.24,55.2,4.53,676.82,2,3.3,Yes,0.2875546353807223,0.15698366331277724,0.6299846172050645,0.451685393258427,0.3977657484429212
CUST10313,50,Female,West,Basic,37,14.57,531.7,12.0,46.95,66.8,3.22,451.01,3,2.0,No,0.3126293995859213,0.553608135886617,0.4963909596497456,0.5820224719101124,0.16178990929231285
CUST10314,49,Male,East,Standard,4,5.98,20.0,25.0,42.43,33.3,1.34,719.79,2,3.8,No,0.11502185415228892,0.0,0.44290616495089336,0.20561797752808986,0.4426702336663462
CUST10315,64,Male,North,Standard,17,1.67,467.0,17.0,64.24,41.5,1.11,649.73,2,5.0,No,0.01587301587301587,0.483609217786433,0.7009821322920363,0.29775280898876405,0.3694561718847971
CUST10316,30,Female,West,Basic,1,9.99,343.9,19.0,39.87,59.4,2.68,469.74,5,2.4,Yes,0.20726938118242463,0.3504273504273504,0.4126138918471186,0.49887640449438203,0.18136312335409444
CUST10317,32,Male,West,Standard,7,9.59,665.5,43.0,65.22,53.4,4.52,639.2,1,1.8,Yes,0.1980676328502415,0.6983663312777237,0.7125783930895752,0.4314606741573034,0.3584521172093802
CUST10318,26,Female,South,Standard,32,6.51,341.2,70.0,56.13,64.1,2.59,672.69,0,3.4,No,0.12721417069243152,0.34750622092394245,0.6050171577328127,0.5516853932584269,0.393449818166618
CUST10319,52,Male,East,Basic,62,12.65,548.7,56.0,51.67,35.3,4.24,507.2,3,4.0,No,0.2684610075914423,0.5720004327599265,0.5522423381848302,0.2280898876404494,0.22050955147765752
CUST10320,45,Male,South,Premium,56,3.14,358.6,18.0,50.18,60.7,3.19,1000.56,1,3.1,Yes,0.049689440993788817,0.36633127772368285,0.5346112886048988,0.5134831460674157,0.7360803410943444
CUST10321,36,Female,North,Premium,8,24.67,450.5,28.0,45.38,72.5,3.32,1057.17,1,2.6,Yes,0.5449735449735449,0.465757870821162,0.47781327653532124,0.6460674157303371,0.795238891443381
CUST10322,54,Female,East,Standard,3,3.58,562.6,14.0,63.68,62.8,1.33,679.37,3,2.9,Yes,0.05981136415919024,0.5870388402033972,0.6943556975505857,0.5370786516853933,0.400430548008193
CUST10323,37,Female,South,Basic,25,10.88,346.7,12.0,35.02,57.2,3.83,585.22,3,2.9,Yes,0.22774327122153207,0.35345666991236613,0.35522423381848306,0.47415730337078654,0.3020419679806045
CUST10324,28,Female,East,Standard,47,2.23,609.4,11.0,23.67,53.5,2.43,661.41,2,3.4,Yes,0.02875546353807223,0.6376717515958022,0.22092060111229442,0.43258426966292135,0.3816619989131798
CUST10325,46,Female,West,Premium,54,3.65,251.1,18.0,57.22,41.6,3.75,932.77,2,2.4,Yes,0.06142167011732228,0.25002704749540194,0.6179150396402792,0.298876404494382,0.6652384734356059
CUST10326,40,Female,North,Standard,60,17.92,483.0,29.0,57.47,53.8,1.9,746.96,0,4.4,No,0.38969404186795487,0.5009196148436655,0.6208732694355698,0.43595505617977526,0.4710634117794592
CUST10327,39,Female,East,Premium,25,5.64,596.1,6.0,55.2,75.2,2.99,987.91,1,3.4,No,0.10720036806993327,0.6232824840419777,0.594012542894332,0.6764044943820225,0.7228608452117211
CUST10328,41,Male,North,Standard,13,11.54,548.8,24.0,54.12,53.1,3.19,709.93,3,3.9,No,0.24292615596963416,0.5721086227415341,0.581232990178677,0.4280898876404495,0.43236634201396146
CUST10329,65,Male,West,Standard,2,7.8,775.0,71.0,43.19,40.8,2.63,694.08,1,3.8,No,0.1568898090637221,0.8168343611381587,0.45189918352857644,0.28988764044943816,0.4158027839317812
CUST10330,29,Female,South,Basic,11,6.24,292.6,54.0,59.81,47.1,3.24,357.05,2,3.9,No,0.12100299056820794,0.29492588986259877,0.6485623003194888,0.3606741573033708,0.06359988295782304
CUST10331,32,Female,East,Standard,5,16.22,181.8,16.0,47.32,58.2,2.51,693.38,0,3.6,No,0.3505866114561766,0.17505139024126368,0.5007691397467755,0.48539325842696635,0.4150712703256281
CUST10332,47,Female,East,Basic,62,5.73,251.0,9.0,40.69,49.0,2.09,425.17,1,4.0,No,0.10927076144467447,0.24991885751379422,0.4223168855756715,0.38202247191011235,0.13478660703089082
CUST10333,20,Female,South,Standard,20,2.1,548.9,34.0,43.32,62.8,4.57,652.51,2,1.4,No,0.02576489533011272,0.5722168127231418,0.4534374630221275,0.5370786516853933,0.3723613259206622
CUST10334,25,Female,East,Premium,60,3.97,519.6,5.0,78.31,63.4,3.95,941.68,4,2.5,Yes,0.06878306878306878,0.5405171481120848,0.8674713051709857,0.5438202247191011,0.6745495966224972
CUST10335,47,Female,East,Basic,40,9.57,448.4,53.0,21.98,69.2,1.96,446.68,2,2.5,No,0.19760754543363235,0.4634858812074002,0.20092296769613063,0.6089887640449438,0.15726497512853743
CUST10336,44,Male,East,Standard,39,8.65,227.9,21.0,55.5,77.8,3.43,704.26,0,2.7,No,0.1764435242696112,0.22492697176241483,0.5975624186486806,0.7056179775280899,0.4264410818041216
CUST10337,51,Male,West,Basic,33,2.41,568.0,88.0,22.81,70.9,1.98,462.38,1,3.1,No,0.032896250287554635,0.5928810992102131,0.21074429061649505,0.6280898876404495,0.17367178029511351
CUST10338,23,Male,West,Standard,59,4.18,209.6,7.0,46.38,40.1,1.5,668.62,0,4.2,Yes,0.07361398665746491,0.20512820512820512,0.48964619571648327,0.28202247191011237,0.3891965890565565
CUST10339,62,Female,South,Basic,4,4.58,638.6,47.0,41.5,40.5,3.94,448.43,0,3.7,No,0.08281573498964802,0.6692632262252516,0.4319015501124127,0.28651685393258425,0.1590937591439201
CUST10340,43,Female,South,Premium,7,5.27,944.3,23.0,16.72,53.8,0.93,950.83,1,4.0,No,0.09868875086266388,1.0,0.13868181280321853,0.43595505617977526,0.6841115244743554
CUST10341,26,Male,North,Basic,31,2.73,496.0,19.0,53.84,47.8,3.82,446.85,1,2.7,No,0.04025764895330112,0.514984312452667,0.5779197728079517,0.3685393258426966,0.1574426284328889
CUST10342,34,Male,West,Premium,29,4.44,535.0,9.0,42.3,36.8,2.52,996.31,2,3.7,Yes,0.07959512307338394,0.5571784052796711,0.4413678854573423,0.24494382022471906,0.7316390084855579
CUST10343,29,Male,South,Premium,40,4.16,341.3,37.0,16.51,47.9,2.57,1021.58,2,2.5,No,0.07315389924085576,0.3476144109055502,0.13619689977517455,0.3696629213483146,0.7580466496676841
CUST10344,41,Male,South,Standard,54,11.04,104.2,39.0,60.59,55.25,3.25,754.48,2,3.4,No,0.23142397055440528,0.09109596451368604,0.6577919772807952,0.45224719101123595,0.47892195794841796
CUST10345,42,Male,North,Standard,43,11.31,321.5,86.0,69.53,44.3,3.44,749.24,2,3.8,Yes,0.23763515067862892,0.32619279454722494,0.7635782747603833,0.3292134831460674,0.4734460560966435
CUST10346,40,Male,West,Standard,19,6.08,233.3,50.0,70.35,49.9,1.89,680.07,1,2.2,No,0.11732229123533469,0.23076923076923078,0.7732812684889361,0.3921348314606741,0.40116206161434614
CUST10347,41,Female,South,Premium,24,5.18,169.5,16.0,53.38,73.9,3.59,993.55,0,4.1,No,0.09661835748792268,0.1617440225035162,0.5724766299846172,0.6617977528089888,0.72875475483844
CUST10348,65,Female,East,Standard,55,7.32,740.0,12.0,48.69,58.2,2.92,501.41,0,3.5,No,0.14584771106510236,0.7789678675754625,0.5169802390249674,0.48539325842696635,0.21445888893533427
CUST10349,67,Male,North,Standard,15,3.93,479.1,9.0,67.92,94.5,1.42,636.72,0,3.1,Yes,0.06786289394985047,0.4967002055609651,0.7445272748787125,0.8932584269662921,0.35586046900472357
CUST10350,43,Male,West,Basic,37,3.17,498.3,69.0,73.24,57.7,2.61,383.46,0,4.8,No,0.050379572118702545,0.5174726820296441,0.8074784049224942,0.47977528089887644,0.09119884629854115
CUST10351,68,Female,North,Standard,39,3.63,374.4,14.0,65.0,50.4,4.32,680.76,2,3.0,No,0.06096158270071313,0.3834252948176999,0.7099751508697195,0.39775280898876403,0.40188312502612555
CUST10352,60,Female,North,Basic,55,4.43,398.9,69.0,33.88,55.1,4.64,448.42,1,2.5,Yes,0.07936507936507935,0.40993184031158714,0.3417347059519584,0.450561797752809,0.1590833089495465
CUST10353,60,Female,West,Standard,52,3.14,603.6,35.0,51.02,59.1,3.59,622.51,1,2.7,Yes,0.049689440993788817,0.6313967326625555,0.5445509407170749,0.4955056179775281,0.34101074279981614
CUST10354,29,Female,West,Standard,34,7.43,424.2,31.0,54.59,62.0,1.49,689.47,1,4.7,Yes,0.14837819185645268,0.43730390565833605,0.5867944621938233,0.5280898876404494,0.41098524432554456
CUST10355,40,Male,North,Standard,23,10.74,525.5,20.0,20.86,88.2,3.34,708.27,3,2.0,Yes,0.22452265930526796,0.5469003570269393,0.1876700982132292,0.8224719101123595,0.43063160974794135
CUST10356,36,Female,South,Standard,27,2.38,394.7,39.0,55.04,41.5,3.74,541.44,1,3.4,No,0.03220611916264089,0.4053878610840636,0.5921192758253461,0.29775280898876405,0.25629101701291657
CUST10357,23,Female,East,Standard,30,6.8,368.4,24.0,82.09,68.7,3.6,677.72,4,4.0,No,0.13388543823326432,0.37693389592123766,0.912199739675778,0.6033707865168539,0.3987062659365465
CUST10358,21,Female,West,Standard,16,5.8,176.8,19.0,57.6,58.3,3.66,675.15,2,3.4,Yes,0.11088106740280652,0.16964189116087852,0.6224115489291208,0.48651685393258426,0.39602056598252733
CUST10359,50,Female,South,Standard,46,8.35,74.0,40.0,70.1,29.9,3.2,690.28,0,4.0,No,0.16954221302047384,0.05842259006815969,0.7703230386936456,0.16741573033707863,0.41183171006980734
CUST10360,39,Male,South,Standard,16,6.63,382.9,22.0,50.74,67.3,2.72,766.66,0,3.8,Yes,0.1299746951920865,0.39262144325435466,0.5412377233463496,0.5876404494382023,0.4916502946954814
CUST10361,60,Male,East,Premium,47,2.6,440.2,14.0,46.9,75.3,2.13,897.73,1,4.5,No,0.03726708074534161,0.4546143027155686,0.49579931369068747,0.6775280898876405,0.6286209923504578
CUST10362,52,Female,South,Basic,55,2.94,198.5,37.0,53.72,41.3,0.71,371.29,0,4.5,No,0.045088566827697255,0.19311911716975008,0.5764998225062122,0.29550561797752806,0.07848095974585131
CUST10363,22,Male,West,Basic,70,6.81,423.8,23.0,35.76,54.9,3.17,296.19,0,3.0,No,0.1341154819415689,0.4368711457319053,0.36398059401254285,0.44831460674157303,0.0
CUST10364,61,Male,East,Basic,9,13.05,439.7,35.0,33.54,27.4,3.0,450.85,1,3.6,No,0.27766275592362544,0.45407335280753003,0.33771151343036326,0.1393258426966292,0.16162270618233504
CUST10365,43,Male,North,Standard,55,1.59,41.9,18.0,66.99,34.9,3.41,636.78,0,4.5,No,0.014032666206579251,0.023693605972086983,0.7335226600402318,0.2235955056179775,0.3559231701709652
CUST10366,47,Female,West,Standard,7,8.37,265.3,11.0,68.59,71.8,1.33,671.17,1,3.3,Yes,0.170002300437083,0.2653900248836958,0.7524553307300911,0.6382022471910112,0.3918613886218284
CUST10367,68,Male,West,Standard,25,14.49,503.3,83.0,33.13,47.5,3.51,796.86,3,2.8,Yes,0.31078904991948464,0.5228821811100293,0.3328600165660869,0.3651685393258427,0.5232098817037998
CUST10368,51,Male,West,Standard,13,6.05,499.7,72.0,62.52,37.3,5.06,732.63,1,2.2,Yes,0.11663216011042098,0.5189873417721519,0.6806295113004378,0.25056179775280896,0.45608828324206835
CUST10369,19,Female,North,Basic,12,9.56,222.3,46.0,46.7,58.7,2.89,460.64,1,2.5,Yes,0.19737750172532778,0.21886833279238344,0.4934327298544551,0.4910112359550562,0.17185344647410444
CUST10370,27,Female,North,Premium,13,4.23,458.5,19.0,53.1,46.6,2.73,954.0,0,3.3,Yes,0.07476420519898781,0.4744130693497782,0.5691634126138918,0.3550561797752809,0.6874242360907914
CUST10371,40,Male,East,Standard,4,6.19,614.0,20.0,48.2,47.5,3.14,742.58,1,3.4,Yes,0.11985277202668507,0.6426484907497566,0.5111821086261981,0.3651685393258427,0.46648622664381567
CUST10372,19,Female,North,Basic,60,2.33,569.9,65.0,62.92,66.8,5.04,411.89,0,3.5,No,0.03105590062111801,0.5949367088607594,0.6853626789729026,0.5820224719101124,0.1209087489027296
CUST10373,26,Female,West,Standard,5,1.46,412.8,19.0,49.24,36.4,1.67,612.76,2,4.3,No,0.011042097998619736,0.42497024775505793,0.5234883445746066,0.24044943820224718,0.33082180328554117
CUST10374,59,Male,South,Basic,29,12.34,345.8,16.0,69.15,40.5,3.02,378.65,0,3.4,No,0.26132965263400043,0.3524829600778968,0.7590817654715418,0.28651685393258425,0.08617230280483217
CUST10375,25,Male,East,Basic,51,3.52,316.7,91.0,52.64,57.5,1.92,395.85,0,3.2,No,0.05843110190936277,0.3209996754300552,0.5637202697905573,0.47752808988764045,0.10414663712745062
CUST10376,26,Female,West,Basic,72,4.97,514.2,24.0,57.36,70.5,2.2,470.33,1,4.1,No,0.09178743961352655,0.534674889105269,0.6195716483256419,0.6235955056179775,0.1819796848221377
CUST10377,44,Male,South,Premium,62,2.72,465.1,85.0,35.5,74.8,2.75,1090.53,2,3.3,Yes,0.04002760524499655,0.48155360813588666,0.3609040350254408,0.6719101123595506,0.8301007398737617
CUST10378,22,Male,South,Standard,10,2.67,543.3,9.0,80.38,44.4,4.28,668.41,2,3.6,No,0.038877386703473654,0.5661581737531104,0.8919654478759909,0.3303370786516854,0.38897713497471054
CUST10379,31,Female,East,Standard,72,5.97,453.7,35.0,55.05,70.0,4.78,642.73,0,2.2,No,0.11479181044398434,0.4692199502326085,0.5922376050171576,0.6179775280898876,0.3621410358232664
CUST10380,66,Male,East,Standard,48,4.16,577.4,105.0,58.69,42.5,3.29,608.79,2,4.2,No,0.07315389924085576,0.6030509574813372,0.6353094308365873,0.3089887640449438,0.3266730761192158
CUST10381,50,Male,South,Standard,13,8.55,447.0,25.0,23.88,84.2,2.39,730.66,1,1.9,No,0.17414308718656543,0.4619712214648924,0.2234055141403384,0.7775280898876404,0.45402959495046613
CUST10382,68,Male,East,Premium,33,8.97,571.2,20.0,48.2,36.9,5.54,905.77,1,2.7,Yes,0.1838049229353577,0.5963431786216598,0.5111821086261981,0.24606741573033705,0.6370229486268445
CUST10383,36,Male,West,Standard,67,8.24,586.7,11.0,66.57,76.3,2.33,728.71,2,4.7,No,0.1670117322291235,0.6131126257708537,0.7285528339841437,0.6887640449438202,0.4519918070476112
CUST10384,50,Male,South,Standard,29,7.81,285.2,52.0,52.3,44.5,2.17,740.83,0,3.9,No,0.15711985277202667,0.2869198312236287,0.5596970772689622,0.33146067415730335,0.464657442628433
CUST10385,30,Male,North,Standard,14,18.64,104.5,14.0,19.29,87.2,0.85,784.84,2,2.5,Yes,0.40625718886588447,0.09142053445850915,0.16909241509880485,0.8112359550561798,0.5106487480667141
CUST10386,37,Female,South,Premium,64,3.34,707.8,23.0,63.57,64.5,4.34,956.96,2,3.1,No,0.054290315159880365,0.744130693497782,0.6930540764406579,0.5561797752808989,0.6905174936253815
CUST10387,27,Female,South,Standard,69,6.45,476.2,10.0,39.84,38.7,3.87,718.77,3,2.8,No,0.1258339084426041,0.49356269609434167,0.4122589042716838,0.2662921348314607,0.44160431384023746
CUST10388,61,Female,North,Premium,71,13.96,121.4,73.0,69.17,46.6,5.46,1042.16,0,2.1,No,0.29859673337934206,0.10970464135021098,0.759318423855165,0.3550561797752809,0.7795531496885844
CUST10389,27,Male,North,Basic,69,15.21,301.5,55.0,46.68,55.25,1.27,447.46,2,4.0,No,0.3273521969174143,0.3045547982256843,0.49319607147083183,0.45224719101123595,0.1580800902896794
CUST10390,28,Male,East,Premium,63,2.65,568.9,24.0,51.07,71.8,4.4,1066.67,2,3.1,No,0.0384172992868645,0.5938548090446825,0.545142586676133,0.6382022471910112,0.8051665760983155
CUST10391,42,Male,South,Standard,33,5.46,379.7,11.0,65.68,53.9,2.88,662.42,3,3.4,Yes,0.10305958132045089,0.38915936384290817,0.7180215359129097,0.4370786516853932,0.38271746854491495
CUST10392,40,Female,West,Basic,14,16.16,337.8,72.0,34.54,55.7,3.69,538.63,5,2.5,No,0.34920634920634913,0.3438277615492806,0.34954443261152524,0.4573033707865169,0.2533545123939306
CUST10393,34,Female,North,Standard,45,9.3,682.2,19.0,33.11,67.1,0.99,571.78,2,2.9,No,0.19139636530940876,0.7164340582062102,0.3326233581824636,0.5853932584269662,0.2879969067424654
CUST10394,36,Female,North,Standard,16,7.59,241.5,11.0,45.05,57.1,4.41,764.75,4,2.6,No,0.15205889118932595,0.23964080926106243,0.4739084132055377,0.4730337078651686,0.4896543075701209
CUST10395,33,Female,West,Basic,35,5.8,286.3,7.0,60.41,34.3,3.67,514.58,0,3.3,Yes,0.11088106740280652,0.28810992102131344,0.6556620518281859,0.21685393258426963,0.2282217949253857
CUST10396,65,Female,West,Standard,48,5.21,468.0,16.0,28.04,42.0,2.76,681.9,0,2.6,No,0.09730848861283643,0.48469111760251005,0.2726304579339723,0.30337078651685395,0.4030744471847177
CUST10397,48,Male,South,Premium,69,8.06,500.3,9.0,22.98,58.8,3.51,1028.09,2,3.6,No,0.16287094547964112,0.5196364816617982,0.21275588687729263,0.4921348314606741,0.7648497262049074
CUST10398,65,Male,North,Basic,21,5.67,519.3,16.0,60.36,74.4,1.96,463.74,2,3.7,Yes,0.107890499194847,0.5401925781672617,0.6550704058691279,0.6674157303370787,0.17509300672992523
CUST10399,69,Female,North,Standard,19,6.5,594.0,41.0,38.96,80.9,2.16,652.65,5,3.2,Yes,0.12698412698412695,0.621010494428216,0.40184593539226127,0.7404494382022473,0.3725076286418928
CUST10400,51,Female,South,Standard,53,7.04,465.7,19.0,42.12,67.5,2.29,721.33,1,3.6,Yes,0.13940648723257418,0.48220274802553287,0.4392379600047331,0.5898876404494382,0.4442795635998831
CUST10401,60,Male,South,Basic,1,4.3,518.1,31.0,20.15,59.6,0.76,380.33,3,3.8,No,0.07637451115711984,0.5388942983879693,0.17926872559460416,0.501123595505618,0.08792793545959955
CUST10402,23,Male,South,Premium,41,9.45,383.3,15.0,37.82,67.0,3.75,972.22,0,2.3,No,0.1948470209339774,0.3930542031807855,0.3883564075257366,0.5842696629213483,0.7064644902395185
CUST10403,67,Female,North,Standard,54,44.45,441.3,26.0,47.89,44.3,4.11,977.68,2,3.2,Yes,1.0,0.45580439251325333,0.5075139036800378,0.3292134831460674,0.7121702963675126
CUST10404,43,Female,South,Basic,40,2.11,449.4,94.0,61.96,52.5,2.03,465.27,0,3.7,No,0.025994939038417292,0.46456778102347723,0.6740030765589871,0.42134831460674155,0.17669188646908834
CUST10405,55,Female,West,Premium,28,8.25,468.7,19.0,36.43,41.8,3.18,959.65,1,3.4,Yes,0.1672417759374281,0.4854484474737639,0.3719086498639214,0.30112359550561796,0.6933285959118841
CUST10406,30,Female,East,Premium,60,4.08,569.1,32.0,72.86,35.0,2.51,933.13,1,4.4,No,0.07131354957441913,0.5940711890078979,0.8029818956336527,0.2247191011235955,0.6656146804330563
CUST10407,22,Female,South,Basic,27,9.73,529.9,8.0,37.73,60.3,3.16,421.87,2,2.7,No,0.20128824476650561,0.5516607162176782,0.38729144479943195,0.5089887640449438,0.13133804288759773
CUST10408,64,Female,North,Premium,52,6.89,438.0,71.0,37.75,58.0,2.11,1030.64,0,2.6,No,0.1359558316080055,0.4522341231201991,0.38752810318305525,0.48314606741573035,0.7675145257701795
CUST10409,41,Male,South,Basic,34,10.97,284.4,18.0,71.06,66.0,1.83,409.82,2,3.9,No,0.22981366459627325,0.28605431137076703,0.7816826411075612,0.5730337078651685,0.11874555866739123
CUST10410,25,Male,South,Premium,2,14.35,442.2,51.0,51.17,63.7,3.96,1054.72,0,2.7,Yes,0.30756843800322053,0.4567781023477226,0.5463258785942492,0.547191011235955,0.7926785938218451
CUST10411,52,Female,West,Standard,39,7.58,425.0,23.0,39.72,58.9,2.73,735.56,2,2.1,No,0.15182884748102138,0.4381694255111977,0.41083895396994435,0.49325842696629213,0.45915019019353764
CUST10412,20,Male,West,Standard,4,13.95,464.8,38.0,45.67,63.9,5.02,727.85,0,2.6,No,0.2983666896710374,0.48122903819106355,0.4812448230978582,0.549438202247191,0.45109309033148026
CUST10413,41,Male,West,Basic,68,1.46,827.2,39.0,68.3,54.3,2.85,463.31,0,4.2,No,0.011042097998619736,0.8733095315373798,0.7490237841675541,0.44157303370786516,0.17464364837185975
CUST10414,54,Female,West,Premium,44,18.8,335.7,18.0,69.99,61.6,1.78,1045.06,3,5.0,No,0.4099378881987577,0.3415557719355188,0.7690214175837178,0.5235955056179775,0.7825837060569327
CUST10415,55,Male,West,Basic,27,8.53,506.0,53.0,35.75,43.4,4.15,438.42,2,2.6,No,0.17368299976995624,0.5258033106134372,0.36386226482073125,0.3191011235955056,0.14863311457593115
CUST10416,41,Male,West,Basic,36,13.47,622.3,14.0,47.36,60.9,3.49,426.07,0,2.6,No,0.28732459167241775,0.6516282592231959,0.501242456514022,0.5157303370786517,0.13572712452451619
CUST10417,37,Male,North,Basic,45,3.03,447.6,42.0,49.35,65.7,3.6,473.12,2,2.2,No,0.047158960202438455,0.4626203613545386,0.5247899656845344,0.5696629213483146,0.1848952890523764
CUST10418,61,Male,North,Standard,19,3.9,850.8,19.0,33.21,44.3,4.11,630.24,2,2.9,No,0.06717276282493673,0.8988423671967976,0.3338066501005798,0.3292134831460674,0.3490887430506208
CUST10419,27,Female,South,Basic,21,7.35,362.0,31.0,47.16,55.8,2.08,462.34,1,3.6,No,0.14653784219001606,0.3700097370983447,0.49887587267778954,0.4584269662921348,0.17362997951761902
CUST10420,21,Female,East,Premium,31,6.61,488.3,18.0,48.08,45.0,2.66,984.74,2,3.1,Yes,0.12951460777547735,0.5066536838688738,0.5097621583244586,0.33707865168539325,0.7195481335952849
CUST10421,26,Female,North,Standard,19,8.04,286.2,25.0,65.1,46.6,2.61,639.34,0,3.7,Yes,0.16241085806303193,0.2880017310397057,0.7111584427878357,0.3550561797752809,0.3585984199306108
CUST10422,59,Female,West,Basic,55,13.53,366.7,12.0,66.11,37.0,1.38,446.68,3,3.4,Yes,0.28870485392224515,0.37509466623390675,0.7231096911608094,0.24719101123595505,0.15726497512853743
CUST10423,42,Female,South,Basic,8,2.12,474.8,29.0,43.06,75.3,2.51,487.78,6,3.5,No,0.026224982746721876,0.49204803635183386,0.45036090403502543,0.6775280898876405,0.20021527400409647
CUST10424,19,Male,South,Basic,60,12.59,582.3,25.0,44.79,72.1,4.27,485.63,1,2.0,No,0.26708074534161486,0.6083522665801147,0.47083185421843565,0.6415730337078651,0.1979684822137692
CUST10425,26,Male,North,Standard,26,6.72,487.4,17.0,57.96,63.6,3.06,633.82,2,3.2,No,0.13204508856682767,0.5056799740344045,0.6266713998343391,0.5460674157303371,0.35282991263637514
CUST10426,19,Male,South,Premium,41,5.86,656.6,24.0,39.22,86.6,1.32,1000.95,0,2.3,Yes,0.11226132965263401,0.6887374229146381,0.40492249437936334,0.8044943820224718,0.7364878986749155
CUST10427,60,Male,North,Basic,12,2.57,412.9,27.0,56.83,52.0,1.09,406.38,6,3.8,No,0.03657694962042787,0.4250784377366656,0.613300201159626,0.4157303370786517,0.11515069180286755
CUST10428,41,Female,West,Premium,28,9.27,370.2,16.0,46.68,103.5,4.63,1194.59,0,1.6,No,0.190706234184495,0.37888131559017635,0.49319607147083183,0.9943820224719101,0.938845462525603
CUST10429,21,Male,East,Basic,55,1.39,916.7,22.0,33.46,51.4,2.7,423.02,1,3.1,No,0.00943179204048769,0.9701395650762741,0.3367648798958703,0.40898876404494383,0.1325398152405635
CUST10430,29,Male,East,Premium,20,10.19,501.0,12.0,33.65,59.1,2.09,989.21,3,3.5,Yes,0.21187025534851617,0.5203938115330521,0.33901313454029103,0.4955056179775281,0.7242193704802911
CUST10431,50,Male,South,Premium,10,2.53,300.5,127.0,69.71,48.6,2.5,1042.28,1,4.7,No,0.035656774787209564,0.3034728984096073,0.7657082002129925,0.3775280898876405,0.7796785520210676
CUST10432,48,Male,South,Standard,38,6.92,305.0,51.0,45.65,61.0,1.17,589.26,1,4.1,Yes,0.13664596273291924,0.3083414475819539,0.48100816471423496,0.5168539325842697,0.30626384650754507
CUST10433,60,Female,South,Standard,12,6.19,260.3,30.0,72.61,68.4,4.37,691.33,2,3.5,No,0.11985277202668507,0.25998052580331066,0.8000236658383623,0.6000000000000001,0.41292898047903703
CUST10434,19,Male,West,Premium,23,14.3,598.6,56.0,40.3,53.2,2.37,1144.49,1,4.1,No,0.30641821946169767,0.6259872335821703,0.4177020470950183,0.42921348314606744,0.8864899887137901
CUST10435,21,Male,West,Basic,33,5.95,364.4,6.0,52.37,83.4,4.3,428.31,0,2.6,Yes,0.1143317230273752,0.37260629665692957,0.5605253816116436,0.7685393258426967,0.13806796806420601
CUST10436,19,Female,North,Basic,41,4.26,452.9,4.0,83.89,58.8,2.86,329.23,0,3.8,No,0.07545433632390153,0.46835443037974683,0.9334989942018695,0.4921348314606741,0.03452744221042514
CUST10437,38,Male,West,Basic,47,4.81,418.6,19.0,32.14,59.3,4.37,406.08,3,2.9,No,0.08810674028065331,0.4312452666883047,0.32114542657673645,0.497752808988764,0.11483718597165908
CUST10438,55,Female,North,Standard,49,15.29,561.7,9.0,19.53,40.5,3.08,820.74,2,3.5,No,0.32919254658385083,0.5860651303689279,0.17193231570228376,0.28651685393258425,0.5481649458679931
CUST10439,52,Male,West,Standard,61,6.51,277.6,21.0,67.3,61.7,3.74,726.5,1,3.5,No,0.12721417069243152,0.2786973926214433,0.7371908649863921,0.5247191011235955,0.44968231409104215
CUST10440,28,Male,North,Standard,5,5.2,236.4,28.0,35.6,52.9,3.59,634.06,2,2.0,No,0.09707844490453187,0.23412312019906958,0.362087326943557,0.4258426966292135,0.35308071730134183
CUST10441,52,Male,South,Premium,27,5.73,470.4,47.0,47.69,45.3,3.49,945.69,1,2.8,No,0.10927076144467447,0.4872876771610949,0.5051473198438055,0.34044943820224716,0.678740124566317
CUST10442,52,Male,West,Basic,1,2.41,538.2,11.0,39.21,42.6,3.18,382.68,1,3.1,No,0.032896250287554635,0.5606404846911177,0.40480416518755175,0.3101123595505618,0.09038373113739918
CUST10443,27,Male,North,Standard,1,8.61,489.9,32.0,52.02,97.7,2.54,720.53,2,3.1,No,0.17552334943639286,0.508384723574597,0.5563838598982369,0.9292134831460674,0.44344354804999375
CUST10444,56,Female,South,Basic,16,2.13,284.3,25.0,33.74,50.8,4.91,485.38,0,2.4,No,0.02645502645502645,0.28594612138915937,0.34007809726659566,0.4022471910112359,0.19770722735442883
CUST10445,39,Male,South,Basic,44,10.9,551.9,31.0,45.3,55.25,1.8,522.28,1,4.6,Yes,0.2282033586381412,0.5754625121713729,0.47686664300082826,0.45224719101123595,0.23626844459306945
CUST10446,21,Male,North,Standard,65,7.27,296.1,17.0,54.75,43.8,2.8,717.7,2,4.3,No,0.14469749252357944,0.29871253921886837,0.5886877292628091,0.3235955056179775,0.4404861430422607
CUST10447,38,Male,East,Premium,56,31.55,336.1,65.0,32.88,54.2,2.82,1065.06,0,3.7,No,0.7032436162870944,0.3419885318619496,0.32990178677079635,0.44044943820224725,0.8034840948041634
CUST10448,58,Male,West,Standard,47,3.27,260.1,23.0,37.5,63.7,3.24,595.58,2,3.5,No,0.052680009201748326,0.2597641458400952,0.3845698733877647,0.547191011235955,0.31286836935167006
CUST10449,54,Male,West,Basic,57,6.25,664.2,85.0,42.79,63.9,2.33,465.83,1,2.6,No,0.12123303427651251,0.6969598615168237,0.44716601585611165,0.549438202247191,0.1772770973540108
CUST10450,31,Female,South,Standard,13,21.52,544.0,14.0,26.57,65.8,3.15,704.12,1,2.9,No,0.47250977685760287,0.5669155036243644,0.2552360667376642,0.5707865168539326,0.42629477908289104
CUST10451,57,Male,South,Basic,61,14.5,538.9,41.0,41.66,44.7,2.61,473.59,2,3.1,No,0.31101909362778923,0.5613978145623715,0.43379481718139856,0.33370786516853934,0.18538644818793631
CUST10452,38,Female,North,Premium,65,6.51,654.5,24.0,49.78,60.4,1.06,991.23,6,2.9,Yes,0.12721417069243152,0.6864654333008764,0.529878120932434,0.5101123595505618,0.7263303097437613
CUST10453,41,Female,North,Standard,7,7.73,936.3,20.0,42.01,41.0,2.81,632.81,2,3.3,Yes,0.15527950310559005,0.9913448014713837,0.4379363388948053,0.29213483146067415,0.3517744430046399
CUST10454,22,Male,North,Basic,34,6.69,122.3,38.0,43.93,45.1,1.59,382.81,1,4.6,No,0.13135495744191397,0.11067835118468031,0.46065554372263634,0.3382022471910113,0.09051958366425618
CUST10455,69,Female,West,Basic,60,8.03,297.1,20.0,47.7,40.3,0.89,442.0,1,4.5,No,0.16218081435472737,0.2997944390349454,0.5052656490356171,0.2842696629213483,0.15237428416168544
CUST10456,61,Male,West,Basic,35,4.25,319.1,4.0,38.16,36.0,2.95,452.2,1,4.5,No,0.07522429261559695,0.3235962349886401,0.39237960004733163,0.23595505617977527,0.16303348242277307
CUST10457,28,Female,West,Premium,61,6.31,276.9,3.0,58.37,72.0,3.34,1045.24,0,3.1,Yes,0.12261329652634,0.27794006275018934,0.6315228966986155,0.6404494382022472,0.7827718095556578
CUST10458,47,Male,South,Standard,68,2.37,236.0,60.0,69.54,66.0,3.38,696.61,4,4.6,No,0.031976075454336325,0.23369036027263876,0.7636966039521951,0.5730337078651685,0.4184466831083059
CUST10459,58,Male,South,Standard,35,7.3,376.1,58.0,41.03,70.6,3.42,696.85,2,2.8,No,0.1453876236484932,0.3852645245050309,0.4263400780972666,0.6247191011235954,0.4186974877732727
CUST10460,44,Male,South,Standard,5,6.51,211.0,92.0,55.28,55.6,0.67,661.72,1,4.2,No,0.12721417069243152,0.20664286487071298,0.594959176428825,0.45617977528089887,0.381985954938762
CUST10461,28,Female,South,Standard,25,5.77,490.3,24.0,44.41,67.4,1.3,624.72,2,2.8,No,0.11019093627789277,0.5088174835010278,0.46633534492959405,0.5887640449438203,0.34332023575638515
CUST10462,68,Female,South,Basic,16,2.34,439.3,10.0,53.48,26.8,4.97,384.94,2,3.8,Yes,0.03128594432942258,0.45364059288109926,0.5736599219027333,0.13258426966292136,0.09274547506583623
CUST10463,31,Male,North,Premium,35,12.71,516.6,18.0,71.49,68.8,1.65,1047.81,1,3.6,Yes,0.2698412698412698,0.5372714486638538,0.7867707963554608,0.6044943820224719,0.7854575095096769
CUST10464,35,Female,North,Basic,43,8.47,521.4,25.0,55.63,57.8,3.47,468.33,0,2.8,Yes,0.1723027375201288,0.5424645677810235,0.5991006981422317,0.48089887640449436,0.17988964594741463
CUST10465,37,Female,West,Standard,34,4.17,538.5,12.0,21.4,65.0,2.04,558.53,1,3.6,No,0.07338394294916033,0.5609650546359407,0.19405987457105664,0.5617977528089888,0.27415039919742507
CUST10466,64,Female,South,Standard,15,6.51,362.8,78.0,54.81,61.1,2.89,639.21,0,3.9,Yes,0.12721417069243152,0.3708752569512063,0.5893977044136789,0.5179775280898876,0.3584625674037538
CUST10467,44,Male,West,Standard,22,2.52,811.8,118.0,66.49,39.2,2.1,730.37,1,4.8,No,0.03542673107890499,0.8566482743697934,0.7276062004496509,0.2719101123595506,0.4537265393136313
CUST10468,55,Female,North,Premium,49,3.43,472.2,34.0,44.68,31.0,3.42,973.94,2,3.3,No,0.05636070853462157,0.4892350968300336,0.46953023310850783,0.1797752808988764,0.7082619236717804
CUST10469,64,Male,East,Basic,2,4.71,94.8,24.0,62.93,43.6,2.95,349.32,1,3.7,No,0.08580630319760753,0.08092610624256194,0.6854810081647142,0.32134831460674157,0.055521882707018355
CUST10470,66,Male,North,Standard,16,14.86,249.6,10.0,37.65,64.0,2.31,867.73,1,3.1,No,0.31930066712675403,0.2484041977712864,0.386344811264939,0.550561797752809,0.5972704092296117
CUST10471,62,Male,South,Standard,65,4.41,116.7,72.0,25.72,66.0,1.64,673.87,1,3.5,Yes,0.0789049919484702,0.10461971221464893,0.24517808543367645,0.5730337078651685,0.3946829411027046
CUST10472,65,Female,North,Standard,8,10.14,433.1,26.0,50.12,33.1,3.09,730.98,1,4.5,Yes,0.2107200368069933,0.44693281402142165,0.533901313454029,0.20337078651685395,0.45436400117042186
CUST10473,67,Female,North,Basic,30,4.71,408.1,20.0,21.65,39.3,1.47,449.23,1,3.8,No,0.08580630319760753,0.4198853186194959,0.19701810436634715,0.2730337078651685,0.15992977469380934
CUST10474,69,Female,South,Basic,15,7.86,345.7,34.0,44.4,43.4,3.27,425.94,2,4.4,No,0.15827007131354956,0.3523747700962891,0.46621701573778246,0.3191011235955056,0.1355912719976592
CUST10475,51,Female,South,Basic,8,6.51,792.0,16.0,67.3,49.3,5.69,395.58,0,3.2,No,0.12721417069243152,0.8352266580114682,0.7371908649863921,0.38539325842696626,0.10386448187936295
CUST10476,24,Male,East,Basic,31,11.79,528.8,27.0,19.35,33.2,4.29,586.43,1,2.5,No,0.2486772486772486,0.5504706264199934,0.1698023902496746,0.20449438202247194,0.3033064414998119
CUST10477,23,Male,South,Standard,38,4.72,560.7,9.0,28.81,32.2,3.59,732.5,3,3.5,No,0.08603634690591211,0.5849832305528508,0.281741805703467,0.19325842696629217,0.45595243071521135
CUST10478,59,Female,South,Standard,13,2.41,262.4,53.0,32.52,41.9,2.71,708.67,2,4.2,Yes,0.032896250287554635,0.26225251541707234,0.32564193586557805,0.3022471910112359,0.43104961752288595
CUST10479,34,Female,South,Standard,6,2.72,250.2,23.0,47.05,56.4,0.67,697.02,1,5.0,No,0.04002760524499655,0.2490533376609326,0.4975742515678617,0.4651685393258427,0.4188751410776241
CUST10480,59,Male,North,Standard,10,4.73,436.6,55.0,42.51,36.1,1.35,622.2,2,4.7,Yes,0.0862663906142167,0.45071946337769125,0.4438527984853863,0.23707865168539327,0.3406867867742341
CUST10481,66,Male,West,Standard,47,2.97,461.1,21.0,68.99,53.1,4.21,737.08,2,3.2,Yes,0.045778697952611,0.47722600887157857,0.7571884984025558,0.4280898876404495,0.46073861973832725
CUST10482,51,Female,West,Basic,62,8.73,95.9,22.0,62.32,71.9,1.93,405.01,1,3.4,Yes,0.17828387393604783,0.08211619604024668,0.6782629274642054,0.6393258426966293,0.11371901517368224
CUST10483,57,Male,East,Standard,13,4.94,397.5,11.0,55.43,34.2,2.03,694.22,1,4.4,No,0.09109730848861283,0.40841718056907933,0.5967341143059992,0.21573033707865172,0.41594908665301183
CUST10484,32,Female,South,Basic,24,31.3,432.5,42.0,50.18,51.7,2.62,496.63,2,4.4,No,0.69749252357948,0.44628367413177544,0.5346112886048988,0.4123595505617978,0.2094636960247461
CUST10485,40,Female,North,Basic,25,2.16,391.3,13.0,53.9,71.4,1.63,299.71,0,3.8,No,0.02714515757994019,0.4017094017094017,0.5786297479588214,0.6337078651685394,0.0036784684195125847
CUST10486,68,Male,West,Standard,26,7.63,283.6,17.0,35.07,48.3,1.45,712.29,2,3.9,Yes,0.15297906602254427,0.2851887915179055,0.3558158797775411,0.3741573033707865,0.4348325878861347
CUST10487,60,Male,South,Standard,18,3.21,332.9,25.0,60.86,45.8,2.74,623.76,0,3.7,No,0.051299746951920855,0.33852645245050306,0.6609868654597089,0.34606741573033706,0.342317017096518
CUST10488,28,Female,North,Basic,4,4.85,398.2,27.0,31.32,73.6,1.82,318.7,2,2.8,No,0.08902691511387162,0.4091745104403332,0.3114424328481836,0.6584269662921348,0.023523387535008145
CUST10489,66,Male,South,Standard,38,6.51,446.3,7.0,60.53,50.1,1.98,722.71,0,3.8,No,0.12721417069243152,0.46121389159363846,0.6570820021299254,0.3943820224719101,0.445721690423442
CUST10490,43,Male,West,Standard,26,1.47,538.9,21.0,65.79,55.25,1.94,774.42,1,3.7,Yes,0.011272141706924314,0.5613978145623715,0.7193231570228376,0.45224719101123595,0.4997596455294069
CUST10491,61,Male,East,Standard,25,7.8,624.6,43.0,51.16,61.9,3.37,772.23,0,4.0,No,0.1568898090637221,0.6541166288001732,0.5462075494024375,0.5269662921348315,0.49747105296158517
CUST10492,45,Female,West,Standard,20,23.03,377.0,19.0,45.36,49.5,2.54,773.03,0,3.3,No,0.5072463768115941,0.38623823433950016,0.477576618151698,0.38764044943820225,0.4983070685114744
CUST10493,49,Female,West,Standard,67,4.98,347.9,21.0,54.0,62.7,2.6,679.37,2,3.4,No,0.09201748332183114,0.35475494969165855,0.5798130398769376,0.5359550561797753,0.400430548008193
CUST10494,26,Male,North,Basic,44,7.92,508.8,27.0,5.08,60.1,3.46,495.34,2,1.7,No,0.15965033356337702,0.5288326300984529,0.0009466335344929602,0.5067415730337079,0.2081156209505497
CUST10495,35,Female,West,Standard,31,13.02,540.0,22.0,52.53,71.3,2.64,788.84,2,3.5,Yes,0.2769726247987117,0.5625879043600562,0.5624186486806295,0.6325842696629214,0.5148288258161603
CUST10496,55,Male,South,Standard,15,6.01,351.8,12.0,46.3,46.2,2.49,666.17,4,4.3,No,0.11571198527720264,0.35897435897435903,0.48869956218199023,0.35056179775280905,0.3866362914350207
CUST10497,61,Male,East,Standard,58,4.58,572.3,24.0,47.24,55.7,3.32,678.36,3,4.0,No,0.08281573498964802,0.5975332684193444,0.4998225062122826,0.4573033707865169,0.39937507837645786
CUST10498,22,Male,North,Standard,64,1.52,606.3,49.0,58.6,54.0,3.54,674.65,2,3.4,No,0.012422360248447204,0.6343178621659634,0.6342444681102828,0.43820224719101125,0.39549805626384654
CUST10499,21,Male,West,Standard,3,10.14,662.5,12.0,46.88,66.3,2.64,740.3,3,3.4,Yes,0.2107200368069933,0.6951206318294926,0.4955626553070642,0.5764044943820225,0.4641035823266313
CUST10500,54,Female,South,Standard,67,6.21,750.1,19.0,30.9,38.6,2.89,678.94,1,3.2,No,0.12031285944329422,0.7898950557178406,0.3064726067920956,0.2651685393258427,0.39998118965012763
