customer_id,age,gender,region,plan,tenure_months,monthly_data_gb,call_minutes,sms_count,download_speed_mbps,latency_ms,dropped_calls_pct,monthly_bill_inr,support_calls,satisfaction_score,churn,total_contact_activity,network_stress_index,bill_per_tenure_month,high_support_flag
CUST10001,52,Male,East,Standard,64,1.19,247.7,32.0,35.0,52.7,3.92,613.14,1,3.5,No,3.477,1.5057142857142858,9.432923076923077,0
CUST10002,47,Female,West,Standard,5,2.73,452.8,24.0,48.21,56.1,3.31,618.04,4,2.2,No,8.528,1.1636589919103921,103.00666666666666,1
CUST10003,30,Male,West,Premium,29,2.06,324.9,94.0,48.17,56.8,1.35,1003.66,3,4.1,No,6.249,1.1791571517542037,33.455333333333336,1
CUST10004,60,Male,South,Standard,33,1.55,334.9,21.0,46.53,57.6,4.13,682.77,0,3.3,Yes,3.3489999999999998,1.2379110251450678,20.081470588235295,0
CUST10005,23,Male,South,Basic,58,6.51,539.1,56.0,38.26,71.6,5.26,442.46,1,1.8,No,6.391,1.8714061683220073,7.499322033898305,0
CUST10006,64,Female,West,Premium,10,15.82,189.1,10.0,25.72,37.6,3.9,1059.37,3,2.2,Yes,4.891,1.4618973561430795,96.30636363636363,1
CUST10007,56,Female,South,Standard,32,6.51,618.5,12.0,49.39,57.8,4.37,690.54,1,3.2,No,7.185,1.1702773840858474,20.925454545454546,0
CUST10008,51,Male,West,Standard,11,15.47,178.4,41.0,36.47,75.6,2.89,780.12,2,2.0,Yes,3.784,2.072936660268714,65.01,1
CUST10009,63,Male,South,Basic,57,8.73,310.7,52.0,49.29,55.25,0.97,502.81,0,4.4,No,3.1069999999999998,1.1209170217082574,8.669137931034482,0
CUST10010,38,Female,North,Standard,46,11.12,776.1,13.0,36.09,57.9,0.77,765.84,0,3.7,No,7.761,1.6043225270157937,16.294468085106384,0
CUST10011,32,Male,North,Standard,36,3.72,632.9,25.0,31.51,45.6,3.08,665.78,2,3.5,Yes,8.329,1.4471596318629005,17.994054054054054,1
CUST10012,26,Female,West,Premium,29,9.4,447.6,9.0,51.51,49.1,2.15,1081.68,0,3.3,No,4.476,0.9532129683556592,36.056000000000004,0
CUST10013,66,Female,North,Standard,12,10.74,260.7,22.0,50.26,40.5,1.79,726.01,1,3.3,No,3.6069999999999998,0.8058097890966972,55.846923076923076,0
CUST10014,38,Male,South,Premium,67,4.6,334.7,44.0,56.69,52.3,2.73,1011.38,5,3.6,No,8.347,0.9225612982889398,14.873235294117647,1
CUST10015,61,Male,South,Standard,47,9.62,443.2,18.0,80.79,84.5,3.48,722.23,0,3.7,No,4.4319999999999995,1.0459215249412055,15.046458333333334,0
CUST10016,35,Female,North,Basic,23,9.66,436.8,21.0,52.16,34.8,1.2,470.55,0,5.0,No,4.368,0.6671779141104295,19.60625,0
CUST10017,67,Male,South,Standard,30,4.68,413.6,11.0,55.28,36.3,2.31,636.61,1,3.1,No,5.136,0.656657018813314,20.535806451612903,0
CUST10018,63,Female,East,Standard,53,3.22,424.5,16.0,31.84,34.2,4.46,456.89,3,3.0,No,7.245,1.0741206030150754,8.460925925925926,1
CUST10019,34,Male,North,Premium,52,3.1,391.4,84.0,28.7,82.6,1.62,1124.09,2,2.3,No,5.914,2.8780487804878048,21.209245283018866,1
CUST10020,43,Female,West,Standard,34,7.07,170.4,26.0,71.74,47.6,3.76,670.81,4,3.3,Yes,5.704,0.6635071090047394,19.165999999999997,1
CUST10021,59,Male,West,Standard,22,8.27,337.0,12.0,34.15,54.6,2.27,702.52,2,2.7,Yes,5.37,1.5988286969253296,30.544347826086955,1
CUST10022,29,Female,South,Standard,48,3.99,594.6,20.0,32.34,48.6,3.4,648.4,1,2.5,No,6.946000000000001,1.50278293135436,13.23265306122449,0
CUST10023,19,Female,North,Premium,48,6.8,183.7,8.0,47.41,39.9,4.01,962.96,0,2.8,No,1.837,0.8415946002952964,19.652244897959186,0
CUST10024,33,Male,East,Premium,44,9.69,395.9,12.0,46.65,51.2,3.62,1092.08,1,3.0,Yes,4.959,1.097534833869239,24.268444444444444,0
CUST10025,48,Female,North,Standard,6,9.99,282.4,64.0,34.46,94.3,3.8,671.93,1,2.2,No,3.824,2.7365060940220545,95.99,0
CUST10026,25,Female,South,Basic,35,18.33,450.0,22.0,43.43,77.3,1.53,482.91,1,3.5,No,5.5,1.779875661984803,13.414166666666667,0
CUST10027,35,Female,West,Standard,45,15.33,360.0,92.0,66.44,41.4,4.03,653.67,1,3.4,No,4.6,0.6231186032510536,14.210217391304347,0
CUST10028,65,Male,West,Basic,69,3.49,695.9,23.0,35.91,65.4,1.86,378.27,1,2.5,No,7.959,1.8212197159565584,5.4038571428571425,0
CUST10029,21,Male,West,Basic,38,19.97,521.2,24.0,27.09,41.7,3.09,424.86,1,3.5,No,6.212000000000001,1.5393133997785162,10.893846153846154,0
CUST10030,20,Male,South,Standard,25,4.73,193.9,38.0,48.2,26.6,3.08,712.13,3,3.9,No,4.939,0.5518672199170125,27.389615384615386,1
CUST10031,40,Female,East,Standard,41,13.19,550.8,4.0,55.38,71.3,3.33,882.12,2,3.6,Yes,7.507999999999999,1.2874684001444563,21.002857142857142,1
CUST10032,18,Female,East,Premium,13,6.99,290.6,28.0,38.69,73.6,3.17,970.77,3,2.3,Yes,5.906000000000001,1.9023003360041355,69.34071428571428,1
CUST10033,19,Male,South,Basic,7,5.11,326.1,24.0,24.27,71.7,1.87,337.99,1,2.0,No,4.261,2.954264524103832,42.24875,0
CUST10034,27,Male,East,Standard,49,2.06,486.5,69.0,36.83,47.5,1.32,710.86,1,3.7,No,5.865,1.2897094759706762,14.2172,0
CUST10035,23,Female,North,Standard,72,5.98,341.5,48.0,47.18,52.3,3.76,644.9,3,3.7,No,6.415,1.1085205595591352,8.834246575342465,1
CUST10036,60,Female,North,Basic,61,2.43,590.7,11.0,65.49,67.0,3.0,485.04,1,3.4,Yes,6.907,1.0230569552603452,7.823225806451613,0
CUST10037,24,Male,South,Basic,43,12.54,290.6,59.0,32.45,61.3,4.06,458.73,3,2.3,No,5.906000000000001,1.8890600924499228,10.425681818181818,1
CUST10038,45,Male,North,Standard,3,6.51,318.6,20.0,46.73,48.7,2.75,721.77,0,2.9,Yes,3.1860000000000004,1.0421570725444043,180.4425,0
CUST10039,54,Female,North,Basic,72,3.98,311.9,13.0,58.13,29.1,1.25,413.09,1,5.0,No,4.119,0.500602098744194,5.658767123287671,0
CUST10040,50,Female,West,Standard,33,8.14,328.2,28.0,12.28,56.8,3.86,739.52,1,1.7,No,4.282,4.625407166123779,21.750588235294117,0
CUST10041,52,Female,West,Standard,21,4.17,627.9,21.0,63.51,72.3,2.39,661.51,1,3.0,No,7.279,1.1384034010392063,30.06863636363636,0
CUST10042,36,Female,East,Premium,65,4.44,543.2,72.0,30.26,35.8,3.18,948.32,1,3.5,Yes,6.432,1.1830799735624586,14.368484848484849,0
CUST10043,64,Male,West,Standard,54,11.06,737.8,31.0,52.98,65.2,2.09,704.42,0,2.4,No,7.377999999999999,1.2306530766326917,12.807636363636362,0
CUST10044,21,Male,West,Basic,54,6.52,838.2,28.0,51.7,60.3,4.61,368.17,1,3.3,No,9.382,1.1663442940038684,6.694,0
CUST10045,23,Male,North,Premium,20,20.71,244.5,46.0,64.27,67.0,1.84,1095.1,0,4.1,No,2.445,1.0424770499455422,52.147619047619045,0
CUST10046,62,Male,South,Premium,72,4.89,442.7,53.0,56.26,69.0,2.43,880.07,1,3.8,No,5.427,1.2264486313544258,12.055753424657535,0
CUST10047,21,Male,South,Standard,33,12.8,218.3,42.0,12.34,43.9,2.92,701.37,2,3.1,No,4.183,3.5575364667747165,20.628529411764706,1
CUST10048,27,Male,North,Basic,39,7.12,290.0,66.0,36.23,29.1,1.6,483.49,0,3.9,No,2.9,0.8032017664918577,12.087250000000001,0
CUST10049,27,Male,West,Standard,55,11.22,316.6,38.0,50.07,46.5,3.16,732.99,1,2.8,No,4.166,0.9286998202516477,13.089107142857143,0
CUST10050,19,Female,South,Basic,48,5.0,239.7,28.0,48.2,69.2,4.57,461.47,3,2.3,No,5.397,1.4356846473029046,9.417755102040816,1
CUST10051,24,Male,South,Basic,13,6.47,240.7,58.0,55.16,46.3,2.26,434.24,3,3.2,Yes,5.407,0.8393763596809282,31.017142857142858,1
CUST10052,47,Female,North,Basic,22,6.2,404.0,23.0,59.84,43.9,3.23,500.54,1,3.8,No,5.04,0.7336229946524063,21.762608695652176,0
CUST10053,52,Male,North,Standard,27,3.88,211.0,25.0,57.13,25.9,0.1,723.14,0,5.0,No,2.11,0.4533520042009452,25.826428571428572,0
CUST10054,22,Male,West,Standard,69,10.28,581.6,82.0,44.79,83.0,2.76,735.22,3,3.6,Yes,8.815999999999999,1.8530922080821612,10.503142857142857,1
CUST10055,67,Female,North,Standard,52,10.2,264.8,76.0,20.3,68.2,2.46,761.22,1,2.9,No,3.648,3.3596059113300494,14.362641509433963,0
CUST10056,22,Female,North,Standard,27,6.51,935.7,24.0,41.17,67.3,1.9,749.25,2,3.8,No,11.357000000000001,1.634685450570804,26.758928571428573,1
CUST10057,53,Female,South,Standard,53,18.16,348.8,18.0,54.25,70.5,3.99,733.79,4,2.5,Yes,7.4879999999999995,1.2995391705069124,13.588703703703702,1
CUST10058,59,Male,South,Standard,54,17.15,443.0,68.0,31.64,64.2,2.44,677.99,1,2.7,No,5.43,2.029077117572693,12.32709090909091,0
CUST10059,45,Male,East,Basic,29,5.24,196.8,43.0,57.47,51.1,2.6,453.56,1,3.9,No,2.968,0.8891595615103532,15.118666666666666,0
CUST10060,43,Male,South,Basic,30,8.52,737.1,31.0,61.63,52.4,2.39,480.15,2,3.5,No,9.371,0.8502352750283952,15.488709677419354,1
CUST10061,23,Female,North,Standard,65,4.46,631.5,20.0,49.9,48.2,0.69,735.74,2,4.3,No,8.315000000000001,0.965931863727455,11.147575757575758,1
CUST10062,30,Male,North,Standard,41,6.79,483.4,31.0,5.0,97.2,1.55,638.24,0,1.6,No,4.834,19.44,15.196190476190477,0
CUST10063,62,Male,West,Standard,11,4.53,187.6,24.0,28.83,63.9,3.86,626.33,0,1.9,No,1.876,2.2164412070759627,52.19416666666667,0
CUST10064,36,Male,East,Standard,52,6.51,467.9,15.0,76.29,47.6,0.48,789.25,2,5.0,No,6.678999999999999,0.6239349849259405,14.891509433962264,1
CUST10065,19,Female,East,Standard,43,6.51,228.1,27.0,39.8,62.4,1.96,695.91,2,3.8,Yes,4.281000000000001,1.5678391959798996,15.816136363636362,1
CUST10066,55,Female,East,Standard,37,5.8,693.2,30.0,18.24,38.8,2.36,580.08,0,2.7,No,6.932,2.1271929824561404,15.265263157894738,0
CUST10067,53,Female,West,Standard,53,14.52,575.7,19.0,66.53,79.1,4.72,756.75,2,2.9,Yes,7.757000000000001,1.1889373215090935,14.01388888888889,1
CUST10068,21,Female,North,Basic,66,1.63,447.2,46.0,48.2,44.4,3.65,306.9,1,2.9,No,5.4719999999999995,0.921161825726141,4.580597014925373,0
CUST10069,20,Female,South,Basic,24,1.81,20.0,60.0,64.57,63.0,2.19,357.87,4,3.7,Yes,4.2,0.9756853027721853,14.3148,1
CUST10070,24,Female,South,Standard,31,11.22,253.0,48.0,52.15,55.25,4.23,790.66,2,3.3,Yes,4.529999999999999,1.059443911792905,24.708125,1
CUST10071,20,Male,South,Basic,14,6.95,553.8,20.0,54.88,61.2,1.99,541.07,0,4.0,No,5.537999999999999,1.1151603498542273,36.071333333333335,0
CUST10072,50,Female,West,Standard,47,7.87,648.3,42.0,53.45,56.5,3.91,629.36,1,3.3,Yes,7.483,1.0570626753975678,13.111666666666666,0
CUST10073,24,Male,South,Premium,29,2.82,629.7,26.0,58.46,55.2,1.31,947.8,3,5.0,Yes,9.297,0.9442353746151215,31.59333333333333,1
CUST10074,49,Male,West,Basic,25,6.59,143.4,10.0,82.16,54.1,3.98,440.88,1,3.1,No,2.434,0.6584712755598832,16.956923076923076,0
CUST10075,27,Male,West,Basic,51,24.59,484.3,39.0,62.57,45.8,2.35,644.51,3,3.3,No,7.843,0.7319801821959405,12.394423076923077,1
CUST10076,68,Male,South,Basic,30,11.42,612.8,27.0,24.29,47.8,1.67,440.41,0,3.0,Yes,6.127999999999999,1.9678880197612185,14.206774193548387,0
CUST10077,55,Female,West,Basic,34,7.47,131.5,151.0,54.7,78.7,2.56,417.59,2,2.9,No,3.315,1.4387568555758683,11.931142857142856,1
CUST10078,37,Female,East,Standard,32,5.03,428.6,68.0,65.12,53.3,3.11,764.36,0,2.2,No,4.2860000000000005,0.8184889434889434,23.162424242424244,0
CUST10079,40,Female,West,Standard,19,5.17,479.3,40.0,66.04,42.4,2.26,659.41,1,3.9,No,5.793,0.6420351302241065,32.9705,0
CUST10080,21,Female,South,Standard,10,1.68,375.9,29.0,41.6,46.7,3.41,698.8,0,2.8,No,3.759,1.122596153846154,63.527272727272724,0
CUST10081,20,Male,South,Standard,60,7.9,96.6,28.0,65.47,72.6,2.16,615.16,2,3.9,No,2.966,1.1089048419123262,10.084590163934426,1
CUST10082,45,Female,South,Standard,7,11.58,371.4,12.0,61.92,65.8,3.48,709.06,2,3.3,No,5.714,1.0626614987080103,88.6325,1
CUST10083,19,Female,North,Premium,24,2.4,371.1,7.0,86.59,64.0,3.29,872.12,0,3.3,No,3.7110000000000003,0.7391153712899873,34.8848,0
CUST10084,51,Male,South,Basic,49,4.35,403.3,13.0,36.75,50.9,2.73,367.05,1,3.5,No,5.033,1.3850340136054422,7.341,0
CUST10085,37,Female,West,Basic,10,3.15,328.6,24.0,40.39,64.2,2.31,464.06,2,3.6,No,5.286,1.5895023520673435,42.18727272727273,1
CUST10086,25,Female,East,Basic,48,3.57,350.3,6.0,43.41,44.7,2.97,417.68,0,2.9,No,3.503,1.0297166551485835,8.524081632653061,0
CUST10087,45,Female,North,Standard,53,6.92,422.9,17.0,40.65,50.8,3.41,672.97,3,2.8,No,7.229,1.2496924969249692,12.462407407407408,1
CUST10088,46,Female,South,Standard,48,1.72,509.6,21.0,34.65,70.5,5.07,618.14,3,1.0,No,8.096,2.034632034632035,12.615102040816327,1
CUST10089,56,Female,North,Basic,22,9.97,375.2,21.0,6.56,69.0,3.83,446.68,2,1.3,No,5.752,10.51829268292683,19.42086956521739,1
CUST10090,28,Female,North,Standard,2,10.91,356.3,15.0,41.48,39.3,3.87,731.02,2,2.7,No,5.563000000000001,0.9474445515911283,243.67333333333332,1
CUST10091,46,Male,South,Basic,64,5.68,446.6,19.0,53.54,41.3,6.2,487.14,0,2.5,Yes,4.466,0.7713858797161001,7.494461538461538,0
CUST10092,61,Female,South,Standard,24,1.33,84.2,82.0,40.6,56.7,3.37,512.6,2,2.4,Yes,2.842,1.396551724137931,20.504,1
CUST10093,32,Male,South,Standard,58,3.5,515.9,39.0,77.03,82.6,3.33,624.25,1,2.9,No,6.159,1.0723094898091652,10.580508474576272,0
CUST10094,61,Male,East,Standard,15,14.9,429.9,17.0,48.2,24.4,3.57,747.15,0,2.9,No,4.2989999999999995,0.5062240663900415,46.696875,0
CUST10095,55,Female,North,Basic,12,1.1,437.1,23.0,67.37,59.5,1.69,400.16,2,4.0,No,6.371,0.8831824254119044,30.781538461538464,1
CUST10096,40,Male,South,Standard,57,5.33,602.9,24.0,51.92,33.0,2.31,703.17,2,4.2,No,8.029,0.635593220338983,12.123620689655171,1
CUST10097,63,Female,East,Standard,68,3.1,78.5,14.0,60.4,44.9,2.24,682.31,2,4.1,No,2.785,0.7433774834437086,9.88855072463768,1
CUST10098,68,Male,East,Basic,62,11.28,74.7,14.0,52.19,49.2,3.51,449.91,1,3.2,No,1.7469999999999999,0.9427093312895192,7.1414285714285715,0
CUST10099,30,Male,West,Basic,55,4.31,479.3,50.0,68.53,48.3,2.61,395.88,1,3.0,No,5.793,0.7048008171603677,7.069285714285714,0
CUST10100,68,Male,East,Premium,18,8.69,428.7,18.0,48.84,46.5,2.95,987.64,3,3.1,Yes,7.287,0.952088452088452,51.98105263157895,1
CUST10101,18,Male,South,Premium,66,9.66,460.6,11.0,55.44,55.1,4.0,1070.14,2,2.8,No,6.606,0.9938672438672439,15.97223880597015,1
CUST10102,24,Female,West,Standard,49,22.06,346.8,24.0,53.49,46.4,3.75,741.1,2,3.0,Yes,5.468,0.8674518601607777,14.822000000000001,1
CUST10103,20,Male,West,Basic,13,5.86,549.6,27.0,43.68,31.6,2.62,430.71,2,3.7,No,7.496,0.7234432234432234,30.764999999999997,1
CUST10104,37,Female,East,Premium,10,8.54,597.9,6.0,54.07,67.5,2.06,1010.32,2,4.2,Yes,7.979,1.2483817273904199,91.84727272727274,1
CUST10105,66,Female,West,Standard,63,2.55,517.1,24.0,81.52,67.0,4.05,750.12,1,3.7,No,6.171,0.8218842001962708,11.720625,0
CUST10106,49,Male,West,Standard,20,6.51,383.1,45.0,43.94,68.5,3.65,719.42,2,2.1,No,5.831,1.5589440145653164,34.25809523809524,1
CUST10107,50,Female,West,Standard,56,4.08,50.6,34.0,54.29,30.3,1.03,726.21,1,4.8,No,1.506,0.558113833118438,12.740526315789474,0
CUST10108,22,Male,North,Basic,10,4.64,568.5,117.0,66.87,59.8,2.46,494.6,1,4.0,Yes,6.685,0.8942724689696425,44.96363636363637,0
CUST10109,44,Male,East,Basic,21,6.59,649.9,59.0,65.1,65.8,2.98,435.03,6,2.9,Yes,12.498999999999999,1.010752688172043,19.77409090909091,1
CUST10110,37,Female,South,Premium,21,2.42,546.0,68.0,48.18,38.5,3.66,951.93,3,3.8,No,8.46,0.7990867579908676,43.26954545454545,1
CUST10111,42,Female,East,Standard,21,7.76,271.7,174.0,12.25,55.1,3.8,677.46,2,2.2,No,4.7170000000000005,4.497959183673469,30.793636363636367,1
CUST10112,31,Female,East,Basic,49,12.54,551.3,42.0,55.75,53.1,3.11,460.17,2,2.6,No,7.513,0.9524663677130045,9.2034,1
CUST10113,28,Male,West,Basic,66,8.09,584.9,27.0,14.71,84.5,3.44,494.52,0,2.2,No,5.849,5.744391570360299,7.38089552238806,0
CUST10114,67,Male,West,Standard,66,2.38,710.6,49.0,70.05,85.8,2.87,675.99,1,3.2,No,8.106,1.2248394004282654,10.089402985074628,0
CUST10115,47,Female,South,Basic,54,6.17,272.3,17.0,50.54,28.4,2.06,448.96,5,4.0,No,7.723000000000001,0.5619311436485952,8.162909090909091,1
CUST10116,39,Female,East,Premium,15,10.83,389.2,26.0,63.0,94.9,2.51,952.09,1,2.9,Yes,4.8919999999999995,1.5063492063492065,59.505625,0
CUST10117,21,Female,East,Standard,70,1.97,564.5,16.0,34.47,40.4,2.82,607.61,0,2.9,Yes,5.645,1.172033652451407,8.557887323943662,0
CUST10118,57,Male,South,Standard,40,3.32,440.3,32.0,24.71,70.7,2.76,786.81,3,2.9,No,7.4030000000000005,2.861189801699717,19.190487804878046,1
CUST10119,42,Female,North,Standard,40,11.82,228.9,16.0,51.91,70.5,0.73,710.14,1,3.8,Yes,3.289,1.3581198227701792,17.32048780487805,0
CUST10120,38,Male,North,Standard,51,7.97,504.6,15.0,47.5,39.1,2.36,654.21,1,3.8,No,6.046,0.8231578947368421,12.580961538461539,0
CUST10121,52,Male,West,Standard,56,8.74,534.2,33.0,40.63,62.9,2.86,780.15,2,3.2,Yes,7.3420000000000005,1.5481171548117154,13.686842105263157,1
CUST10122,24,Male,South,Standard,69,22.39,445.8,22.0,49.27,53.3,2.49,798.84,2,2.8,No,6.458,1.0817941952506596,11.412,1
CUST10123,45,Male,West,Basic,42,9.07,469.5,6.0,89.51,63.9,2.53,485.22,1,3.5,No,5.695,0.7138867165679812,11.284186046511628,0
CUST10124,62,Female,South,Standard,44,10.25,383.4,9.0,60.52,58.7,3.34,702.91,2,2.0,Yes,5.834,0.9699272967614012,15.620222222222221,1
CUST10125,42,Male,West,Basic,54,38.94,696.1,11.0,63.74,74.1,1.61,615.11,0,4.0,No,6.961,1.1625352996548477,11.183818181818182,0
CUST10126,18,Female,South,Standard,19,5.82,267.9,13.0,60.66,56.2,1.01,674.59,1,3.5,No,3.679,0.9264754368611936,33.7295,0
CUST10127,29,Male,West,Basic,23,3.98,324.3,33.0,70.19,52.3,2.42,346.83,1,3.9,No,4.243,0.7451203875195896,14.45125,0
CUST10128,20,Female,North,Basic,46,8.83,432.0,29.0,45.15,72.5,3.64,447.14,1,2.8,No,5.32,1.6057585825027687,9.513617021276595,0
CUST10129,44,Male,East,Basic,5,8.89,588.2,52.0,17.18,64.3,4.66,468.62,0,2.3,Yes,5.882000000000001,3.7427240977881255,78.10333333333334,0
CUST10130,36,Male,West,Standard,24,4.75,160.5,42.0,45.17,66.7,3.66,779.28,2,2.1,No,3.605,1.47664379012619,31.1712,1
CUST10131,24,Male,West,Basic,52,3.42,194.1,52.0,60.18,44.4,1.18,424.25,1,4.2,No,2.941,0.7377866400797607,8.004716981132075,0
CUST10132,53,Female,West,Premium,71,30.01,63.2,38.0,33.45,38.3,2.54,1000.68,0,4.3,No,0.632,1.1449925261584453,13.898333333333333,0
CUST10133,27,Male,North,Standard,38,8.27,435.9,28.0,45.35,45.9,3.08,693.45,1,4.3,No,5.359,1.0121278941565601,17.78076923076923,0
CUST10134,35,Female,South,Basic,29,4.15,228.7,53.0,37.62,45.1,3.0,574.57,3,3.8,No,5.287,1.1988304093567252,19.152333333333335,1
CUST10135,69,Female,North,Standard,32,12.13,360.8,47.0,70.53,67.6,3.39,769.43,1,3.5,Yes,4.6080000000000005,0.9584573940167304,23.316060606060603,0
CUST10136,21,Male,North,Basic,50,6.23,549.0,32.0,59.24,70.6,1.79,391.78,2,3.0,No,7.49,1.1917623227548952,7.681960784313725,1
CUST10137,30,Female,East,Premium,40,5.67,314.5,60.0,57.77,52.5,2.87,1015.53,0,3.9,No,3.145,0.9087761814090358,24.769024390243903,0
CUST10138,34,Male,East,Standard,2,9.64,471.6,5.0,57.32,77.9,3.26,666.03,3,2.8,Yes,7.716,1.3590369853454292,222.01,1
CUST10139,44,Male,West,Standard,39,2.89,376.1,20.0,47.44,76.9,3.71,591.88,1,2.9,No,4.761,1.6209949409780777,14.797,0
CUST10140,30,Male,West,Basic,29,8.41,551.0,20.0,50.96,58.9,1.91,430.3,3,3.2,Yes,8.51,1.1558084772370487,14.343333333333334,1
CUST10141,68,Female,East,Standard,51,23.18,515.5,55.0,30.22,41.8,2.42,793.11,2,3.2,Yes,7.155,1.3831899404367969,15.252115384615385,1
CUST10142,18,Female,West,Standard,64,9.05,305.5,74.0,15.2,80.2,0.1,600.33,2,3.3,No,5.055,5.276315789473685,9.235846153846154,1
CUST10143,67,Male,North,Premium,70,5.24,399.6,9.0,50.25,54.0,2.12,917.24,0,3.7,No,3.9960000000000004,1.0746268656716418,12.91887323943662,0
CUST10144,45,Male,North,Standard,44,4.81,617.9,66.0,52.86,57.0,2.22,678.43,1,3.8,No,7.178999999999999,1.0783200908059023,15.07622222222222,0
CUST10145,19,Female,East,Standard,27,5.12,500.8,11.0,66.14,49.6,1.68,657.27,1,3.8,No,6.008,0.7499244027819776,23.47392857142857,0
CUST10146,24,Male,West,Basic,32,5.67,178.5,11.0,71.57,40.8,2.98,454.73,0,3.2,No,1.785,0.5700712589073634,13.779696969696971,0
CUST10147,23,Female,North,Basic,13,5.23,548.0,21.0,71.55,31.5,2.74,363.57,0,5.0,No,5.48,0.44025157232704404,25.969285714285714,0
CUST10148,32,Female,South,Standard,68,12.13,234.8,20.0,33.03,65.1,0.31,761.06,0,5.0,Yes,2.3480000000000003,1.9709355131698454,11.029855072463768,0
CUST10149,35,Male,East,Standard,62,2.17,684.3,8.0,42.72,42.5,3.04,596.91,0,3.6,No,6.843,0.9948501872659177,9.474761904761904,0
CUST10150,51,Female,North,Basic,62,11.71,614.3,39.0,55.21,104.0,1.78,559.61,2,2.2,No,8.143,1.883716717985872,8.882698412698414,1
CUST10151,34,Male,South,Premium,24,5.22,482.2,39.0,85.98,37.6,3.33,885.95,3,3.7,Yes,7.822,0.43731100255873456,35.438,1
CUST10152,55,Female,West,Premium,24,8.54,458.3,51.0,70.2,34.9,1.39,940.15,1,4.8,Yes,5.583,0.4971509971509971,37.606,0
CUST10153,33,Male,East,Basic,62,3.21,392.4,18.0,64.79,63.2,2.83,441.22,3,4.2,No,6.9239999999999995,0.9754591757987343,7.003492063492064,1
CUST10154,31,Female,North,Standard,40,15.86,552.1,24.0,42.18,79.5,2.49,835.69,3,2.2,Yes,8.521,1.8847795163584637,20.38268292682927,1
CUST10155,32,Female,West,Basic,51,15.02,363.3,24.0,34.75,56.0,3.13,506.45,1,2.9,No,4.633,1.6115107913669064,9.739423076923076,0
CUST10156,35,Male,South,Standard,36,12.48,472.4,80.0,59.83,64.2,2.94,754.84,3,3.4,Yes,7.724,1.0730402807955877,20.40108108108108,1
CUST10157,61,Male,West,Basic,32,2.5,586.9,3.0,31.49,25.5,2.52,414.96,1,4.1,No,6.869,0.8097808828199429,12.574545454545454,0
CUST10158,30,Female,South,Standard,46,11.46,328.9,13.0,44.42,44.2,1.11,661.31,0,3.8,Yes,3.2889999999999997,0.995047276001801,14.070425531914893,0
CUST10159,32,Female,East,Standard,59,8.7,319.1,25.0,46.28,37.8,1.18,674.24,1,3.3,Yes,4.191000000000001,0.8167675021607606,11.237333333333334,0
CUST10160,67,Male,South,Standard,25,2.36,215.0,11.0,71.89,24.7,2.16,596.5,1,4.8,No,3.15,0.3435804701627486,22.942307692307693,0
CUST10161,51,Male,South,Basic,59,6.58,238.4,20.0,42.68,56.9,2.79,368.15,2,3.3,No,4.384,1.3331771321462043,6.135833333333333,1
CUST10162,27,Male,West,Premium,18,8.47,100.9,22.0,11.41,19.1,2.13,1021.92,3,3.5,No,4.009,1.6739702015775637,53.78526315789473,1
CUST10163,63,Female,North,Basic,30,9.6,561.4,15.0,55.57,33.8,3.49,394.83,2,3.8,No,7.614,0.6082418571171495,12.736451612903226,1
CUST10164,27,Female,North,Basic,66,7.5,755.6,26.0,37.51,46.4,2.49,461.58,0,3.1,No,7.556,1.2370034657424687,6.889253731343284,0
CUST10165,26,Male,South,Standard,69,8.08,686.6,38.0,48.64,41.7,1.74,625.88,2,3.5,No,8.866,0.8573190789473685,8.941142857142857,1
CUST10166,41,Male,East,Standard,67,17.42,137.3,21.0,46.7,61.3,2.49,769.82,1,3.8,No,2.373,1.3126338329764453,11.320882352941178,0
CUST10167,53,Male,West,Premium,23,14.83,560.5,18.0,43.89,59.9,3.05,1011.1,2,3.3,No,7.605,1.364775575301891,42.12916666666667,1
CUST10168,27,Male,West,Premium,61,1.04,686.0,22.0,59.86,69.3,3.16,1032.6,2,3.4,No,8.86,1.1577013030404277,16.654838709677417,1
CUST10169,57,Female,South,Basic,68,5.44,347.8,24.0,25.01,67.0,4.87,449.44,2,2.8,No,5.478,2.6789284286285486,6.513623188405797,1
CUST10170,26,Female,South,Premium,71,6.01,448.3,7.0,40.24,73.3,2.06,1053.03,3,2.5,No,7.4830000000000005,1.8215705765407553,14.625416666666666,1
CUST10171,58,Female,North,Basic,2,2.14,68.6,34.0,58.26,55.0,2.72,370.28,0,3.2,No,0.6859999999999999,0.9440439409543426,123.42666666666666,0
CUST10172,22,Male,East,Standard,54,7.11,478.0,18.0,38.79,59.9,3.27,694.75,1,3.0,No,5.78,1.5442124258829595,12.631818181818181,0
CUST10173,42,Male,West,Basic,72,15.05,238.6,59.0,23.87,63.2,2.77,435.34,1,2.4,No,3.386,2.647674905739422,5.963561643835616,0
CUST10174,51,Male,East,Premium,56,3.3,465.9,37.0,58.03,57.3,2.25,946.05,1,4.1,Yes,5.659,0.9874202998449078,16.597368421052632,0
CUST10175,31,Male,East,Basic,17,8.32,149.0,56.0,64.85,48.6,1.1,434.5,0,4.2,No,1.49,0.7494217424826524,24.13888888888889,0
CUST10176,49,Female,South,Basic,55,3.69,527.7,12.0,47.33,49.7,2.24,381.22,3,3.0,No,8.277000000000001,1.050073948869639,6.8075,1
CUST10177,53,Male,West,Standard,8,4.32,614.4,19.0,18.59,41.9,1.62,608.07,0,3.4,No,6.144,2.2538999462076386,67.56333333333333,0
CUST10178,51,Female,South,Premium,35,6.51,289.0,10.0,58.59,61.7,0.9,976.08,1,4.1,No,3.89,1.0530807305000853,27.113333333333333,0
CUST10179,38,Male,North,Premium,46,4.7,225.4,15.0,23.1,53.5,1.92,848.51,3,3.7,No,5.254,2.316017316017316,18.053404255319148,1
CUST10180,58,Female,South,Standard,33,9.03,41.9,59.0,52.63,44.4,1.65,645.08,1,4.2,Yes,1.419,0.8436253087592627,18.972941176470588,0
CUST10181,56,Male,North,Premium,51,1.98,382.0,69.0,34.69,44.4,3.44,995.39,4,3.3,No,7.82,1.2799077543960795,19.142115384615384,1
CUST10182,34,Male,North,Premium,18,22.43,325.3,11.0,30.6,35.6,3.46,995.66,1,3.3,No,4.253,1.1633986928104576,52.40315789473684,0
CUST10183,56,Male,North,Standard,44,9.89,150.8,18.0,41.37,70.7,1.81,633.09,2,3.1,No,3.508,1.708967851099831,14.068666666666667,1
CUST10184,65,Female,South,Basic,47,5.94,511.5,23.0,45.25,56.3,2.51,533.14,2,2.9,No,7.115,1.2441988950276242,11.107083333333334,1
CUST10185,60,Female,East,Standard,46,9.72,349.0,37.0,38.34,41.2,0.76,672.31,0,3.3,No,3.49,1.0745957224830465,14.304468085106382,0
CUST10186,56,Female,South,Standard,21,2.67,236.4,7.0,56.83,67.9,2.26,682.68,1,3.3,No,3.364,1.1947914833714588,31.030909090909088,0
CUST10187,57,Female,South,Standard,22,14.42,330.2,8.0,41.31,46.0,3.24,770.85,0,4.1,No,3.302,1.1135318324860808,33.51521739130435,0
CUST10188,59,Male,West,Basic,19,5.42,622.8,35.0,62.7,32.5,3.71,467.96,1,4.4,Yes,7.228,0.518341307814992,23.398,0
CUST10189,33,Male,West,Standard,34,5.86,538.5,6.0,52.22,71.3,2.02,600.43,1,3.7,No,6.385,1.3653772500957488,17.155142857142856,0
CUST10190,55,Male,South,Basic,43,4.86,406.6,18.0,37.54,46.4,3.96,415.45,3,3.1,No,7.066,1.2360149174214172,9.442045454545454,1
CUST10191,28,Male,South,Premium,27,4.58,541.4,27.0,35.01,48.5,1.13,887.48,3,3.7,No,8.414,1.3853184804341618,31.695714285714285,1
CUST10192,36,Male,West,Basic,30,10.5,221.0,33.0,23.29,55.7,1.43,596.55,0,2.6,Yes,2.21,2.3915843709746674,19.243548387096773,0
CUST10193,66,Male,North,Basic,21,7.9,435.8,22.0,52.36,73.3,3.58,358.68,2,2.7,No,6.3580000000000005,1.3999236058059588,16.303636363636365,1
CUST10194,32,Female,South,Premium,16,10.21,456.5,19.0,42.68,55.3,4.64,952.63,2,2.6,No,6.565,1.295688847235239,56.037058823529414,1
CUST10195,61,Male,West,Basic,48,6.65,345.4,44.0,12.42,35.8,3.34,381.67,0,2.9,No,3.4539999999999997,2.8824476650563606,7.789183673469388,0
CUST10196,39,Male,South,Basic,59,9.33,508.4,30.0,39.96,63.7,2.76,372.66,0,3.3,Yes,5.084,1.5940940940940942,6.211,0
CUST10197,28,Male,East,Standard,21,6.51,289.5,16.0,34.48,47.2,0.39,753.93,3,4.5,No,5.895,1.3689095127610211,34.26954545454545,1
CUST10198,23,Female,East,Premium,62,28.48,521.8,25.0,71.64,85.2,0.58,1253.11,1,3.6,Yes,6.218,1.1892797319933,19.89063492063492,0
CUST10199,46,Female,East,Basic,42,2.41,529.3,32.0,22.46,55.0,2.94,387.29,3,2.4,No,8.293,2.4487978628673197,9.006744186046513,1
CUST10200,41,Female,South,Basic,13,15.17,20.0,82.0,26.38,19.2,2.41,417.4,2,4.5,No,2.2,0.7278241091736164,29.814285714285713,1
CUST10201,44,Female,North,Standard,27,16.27,644.3,43.0,64.65,60.7,1.58,623.59,2,4.3,No,8.443,0.9389017788089713,22.271071428571428,1
CUST10202,20,Male,South,Premium,1,3.84,20.0,57.0,68.35,86.1,2.87,958.61,2,2.9,Yes,2.2,1.2596927578639356,479.305,1
CUST10203,31,Male,North,Standard,3,28.48,319.1,16.0,36.83,80.2,2.93,802.48,1,2.5,No,4.191000000000001,2.1775726310073313,200.62,0
CUST10204,18,Female,West,Basic,25,12.77,614.6,17.0,38.52,84.3,3.84,439.8,3,2.2,No,9.146,2.188473520249221,16.915384615384617,1
CUST10205,33,Male,South,Basic,33,12.57,372.9,21.0,57.24,38.7,2.95,486.6,2,3.7,Yes,5.728999999999999,0.6761006289308177,14.311764705882354,1
CUST10206,66,Male,East,Basic,58,6.81,166.1,22.0,13.09,69.6,4.15,461.59,1,2.2,No,2.661,5.317035905271199,7.823559322033898,0
CUST10207,25,Male,West,Basic,10,5.81,233.1,12.0,20.08,43.4,2.81,451.63,3,4.4,No,5.3309999999999995,2.161354581673307,41.057272727272725,1
CUST10208,53,Male,West,Standard,61,5.84,614.8,60.0,43.79,58.6,2.67,666.65,2,3.3,No,8.148,1.3382050696506052,10.75241935483871,1
CUST10209,18,Male,South,Basic,17,8.62,84.1,46.0,71.25,34.6,3.97,390.13,2,4.0,No,2.841,0.48561403508771933,21.67388888888889,1
CUST10210,47,Female,South,Standard,10,16.62,633.2,20.0,41.46,44.7,1.72,785.34,0,2.8,No,6.332000000000001,1.0781476121562952,71.39454545454545,0
CUST10211,65,Female,West,Standard,51,7.52,420.1,38.0,49.51,44.2,5.9,694.81,0,2.2,No,4.2010000000000005,0.89274893960816,13.361730769230768,0
CUST10212,35,Male,East,Standard,56,3.7,215.4,29.0,65.01,69.4,3.21,720.06,0,3.9,No,2.154,1.0675280726042147,12.632631578947368,0
CUST10213,28,Male,West,Basic,44,11.43,325.0,41.0,48.2,67.8,3.22,511.03,2,3.7,No,5.25,1.4066390041493775,11.356222222222222,1
CUST10214,47,Female,West,Premium,9,12.17,246.9,10.0,39.35,59.4,3.38,943.82,1,1.0,Yes,3.469,1.5095298602287166,94.382,0
CUST10215,32,Female,West,Standard,9,10.23,585.9,22.0,47.75,33.4,4.86,631.5,1,3.3,Yes,6.859,0.6994764397905758,63.15,0
CUST10216,64,Female,North,Standard,29,10.85,561.8,24.0,75.33,50.0,3.67,672.55,1,4.6,Yes,6.617999999999999,0.6637461834594451,22.418333333333333,0
CUST10217,62,Female,East,Basic,33,5.61,120.6,38.0,25.17,43.1,1.03,374.57,1,2.6,No,2.206,1.7123559793404846,11.016764705882352,0
CUST10218,51,Male,North,Basic,72,3.66,357.4,16.0,63.41,68.9,4.34,462.5,2,3.6,No,5.574,1.0865794038795145,6.335616438356165,1
CUST10219,51,Male,East,Premium,21,3.8,274.6,4.0,32.73,73.9,2.43,991.12,0,3.3,No,2.7460000000000004,2.2578673999388945,45.050909090909094,0
CUST10220,49,Male,West,Standard,14,2.31,662.8,12.0,49.54,71.9,2.92,723.32,3,3.5,Yes,9.628,1.451352442470731,48.221333333333334,1
CUST10221,56,Male,South,Basic,69,7.8,187.0,24.0,44.36,42.9,1.39,467.61,1,3.9,No,2.87,0.9670874661857529,6.680142857142857,0
CUST10222,41,Male,South,Standard,12,6.33,718.8,26.0,33.63,15.0,3.38,698.46,2,2.3,Yes,9.187999999999999,0.4460303300624442,53.72769230769231,1
CUST10223,68,Male,North,Standard,2,5.02,424.0,80.0,33.25,26.7,2.08,745.11,1,4.0,Yes,5.24,0.8030075187969925,248.37,0
CUST10224,35,Female,West,Premium,31,0.98,220.9,37.0,52.15,77.7,2.91,980.72,1,3.6,Yes,3.209,1.4899328859060403,30.6475,0
CUST10225,18,Female,North,Basic,29,2.97,308.1,26.0,62.93,48.6,2.49,420.57,2,4.0,No,5.081,0.7722866677260448,14.019,1
CUST10226,54,Female,North,Premium,45,13.85,285.7,24.0,46.05,43.0,4.92,1113.52,1,3.1,Yes,3.8569999999999998,0.9337676438653638,24.20695652173913,0
CUST10227,52,Male,North,Basic,64,4.34,200.6,53.0,49.05,81.3,4.98,431.37,2,1.9,No,4.006,1.6574923547400613,6.636461538461538,1
CUST10228,69,Male,North,Standard,68,8.45,447.1,16.0,56.57,75.2,2.85,682.96,1,2.0,No,5.471,1.3293264981438926,9.897971014492754,0
CUST10229,38,Female,South,Standard,21,2.71,209.0,22.0,33.43,55.4,2.87,619.18,1,3.4,No,3.09,1.6571941370026921,28.14454545454545,0
CUST10230,40,Female,South,Basic,71,17.03,37.5,11.0,59.1,50.3,2.39,539.85,0,4.7,Yes,0.375,0.8510998307952622,7.497916666666667,0
CUST10231,47,Female,South,Basic,46,6.09,361.7,66.0,60.29,52.9,4.02,503.58,2,3.7,No,5.617,0.8774257754188091,10.714468085106382,1
CUST10232,38,Female,North,Standard,6,8.07,105.5,32.0,87.05,58.6,2.44,694.64,2,3.0,No,3.0549999999999997,0.6731763354394027,99.23428571428572,1
CUST10233,58,Male,North,Premium,68,30.32,294.6,15.0,42.36,80.6,2.34,1202.86,3,2.1,Yes,5.946,1.9027384324834749,17.432753623188404,1
CUST10234,40,Female,South,Standard,10,17.92,266.4,23.0,41.13,61.8,3.88,648.17,1,2.2,No,3.6639999999999997,1.5025528811086797,58.92454545454545,0
CUST10235,58,Male,North,Premium,43,5.48,273.2,35.0,59.53,66.6,2.21,978.83,1,2.6,No,3.7319999999999998,1.1187636485805474,22.246136363636364,0
CUST10236,40,Male,East,Premium,57,4.55,790.2,21.0,60.29,73.7,2.76,974.09,1,3.2,No,8.902000000000001,1.2224249460938796,16.794655172413794,0
CUST10237,29,Female,North,Standard,18,5.41,440.2,17.0,39.97,36.3,1.06,641.48,3,4.3,No,7.402,0.9081811358518889,33.7621052631579,1
CUST10238,69,Male,South,Standard,20,9.31,474.2,16.0,41.95,67.1,3.57,835.97,1,1.9,Yes,5.742,1.5995232419547079,39.80809523809524,0
CUST10239,45,Male,South,Basic,35,6.24,110.2,31.0,56.12,50.3,4.93,432.8,4,3.2,Yes,5.102,0.8962936564504633,12.022222222222222,1
CUST10240,54,Male,South,Basic,64,5.17,312.3,19.0,35.59,15.0,3.59,407.59,1,3.8,No,4.123,0.4214667041303737,6.270615384615384,0
CUST10241,48,Male,North,Premium,17,17.35,468.8,18.0,41.84,20.9,4.41,1054.53,0,2.9,Yes,4.688,0.4995219885277246,58.585,0
CUST10242,36,Male,North,Standard,48,6.21,245.6,10.0,49.34,38.7,1.87,576.11,1,3.8,No,3.456,0.7843534657478719,11.75734693877551,0
CUST10243,68,Male,West,Basic,33,29.81,593.5,26.0,62.94,63.5,3.06,536.07,3,2.2,No,8.934999999999999,1.0088973625675246,15.766764705882354,1
CUST10244,37,Male,North,Standard,9,7.09,213.5,22.0,38.93,56.8,1.76,745.62,3,3.3,Yes,5.135,1.4590290264577446,74.562,1
CUST10245,69,Female,South,Standard,52,21.34,378.5,20.0,20.36,57.9,2.55,742.45,0,2.8,No,3.785,2.843811394891945,14.008490566037736,0
CUST10246,40,Male,South,Premium,60,8.43,324.5,28.0,19.25,86.2,3.65,953.99,2,2.0,No,5.245,4.477922077922078,15.639180327868853,1
CUST10247,19,Female,South,Standard,42,12.5,459.6,41.0,29.11,34.7,2.91,796.02,1,3.5,Yes,5.596,1.1920302301614567,18.512093023255815,0
CUST10248,19,Male,South,Standard,13,4.17,314.7,40.0,28.3,54.6,1.25,747.73,2,3.6,Yes,5.147,1.9293286219081272,53.409285714285716,1
CUST10249,68,Female,West,Standard,12,3.84,381.2,36.0,45.68,59.9,1.35,700.47,3,3.5,No,6.811999999999999,1.3112959719789843,53.88230769230769,1
CUST10250,45,Male,West,Standard,31,9.01,387.5,21.0,30.17,43.2,1.28,678.03,1,3.9,No,4.875,1.4318859794497845,21.1884375,0
CUST10251,38,Male,South,Standard,37,12.71,297.8,16.0,37.46,55.5,3.34,712.09,2,3.5,No,4.978,1.4815803523758675,18.73921052631579,1
CUST10252,60,Male,South,Premium,40,6.86,517.3,12.0,36.39,29.4,5.07,945.93,0,2.7,Yes,5.172999999999999,0.807914262159934,23.071463414634145,0
CUST10253,50,Female,North,Standard,18,2.9,472.9,16.0,41.39,77.6,4.3,611.69,1,2.4,Yes,5.729,1.874848997342353,32.19421052631579,0
CUST10254,52,Female,South,Basic,37,2.76,414.0,25.0,67.84,44.1,0.71,358.12,4,4.5,Yes,8.14,0.6500589622641509,9.42421052631579,1
CUST10255,53,Female,East,Standard,22,2.64,352.5,14.0,57.93,87.5,4.36,380.85,3,2.0,No,6.525,1.5104436388745037,16.558695652173913,1
CUST10256,28,Female,North,Standard,50,2.12,573.4,26.0,48.24,54.5,3.83,604.81,1,3.2,No,6.734,1.1297678275290215,11.859019607843136,0
CUST10257,22,Female,South,Standard,58,7.18,387.5,12.0,41.08,71.4,1.1,906.08,2,3.2,No,5.875,1.738072054527751,15.35728813559322,1
CUST10258,55,Male,West,Basic,47,13.89,374.8,8.0,41.5,54.1,2.47,494.41,2,3.5,No,5.748,1.3036144578313253,10.300208333333334,1
CUST10259,19,Male,North,Basic,1,6.63,448.8,44.0,52.92,54.5,4.01,451.68,1,3.0,No,5.488,1.029856386999244,225.84,0
CUST10260,55,Female,South,Standard,72,1.54,735.4,18.0,56.76,45.7,3.41,751.78,0,3.2,No,7.354,0.8051444679351657,10.298356164383561,0
CUST10261,24,Female,East,Basic,2,5.91,188.7,14.0,34.39,56.9,1.36,397.7,1,3.3,No,2.8869999999999996,1.6545507414946206,132.56666666666666,0
CUST10262,31,Male,North,Premium,72,6.01,568.6,11.0,48.55,60.1,3.47,1001.35,1,2.7,Yes,6.686,1.2378990731204944,13.717123287671233,0
CUST10263,54,Female,North,Basic,3,26.11,89.2,33.0,17.53,42.5,0.45,572.86,1,2.9,Yes,1.892,2.424415288077581,143.215,0
CUST10264,50,Female,North,Basic,38,2.59,469.1,64.0,51.18,53.0,2.55,400.58,0,3.7,No,4.691,1.0355607659241892,10.271282051282052,0
CUST10265,58,Male,West,Premium,8,5.19,713.5,19.0,59.43,45.2,4.05,1021.08,2,3.4,Yes,9.135,0.7605586404172977,113.45333333333333,1
CUST10266,49,Female,North,Basic,7,20.26,518.0,21.0,43.8,91.8,2.82,563.2,2,3.0,No,7.18,2.095890410958904,70.4,1
CUST10267,20,Female,North,Basic,50,8.96,460.7,52.0,75.25,53.6,2.25,470.77,1,3.7,No,5.607,0.7122923588039868,9.23078431372549,0
CUST10268,61,Male,North,Basic,53,6.51,329.1,7.0,34.78,79.7,3.78,442.78,1,3.3,No,4.291,2.291546866014951,8.199629629629628,0
CUST10269,29,Female,North,Basic,9,7.2,435.6,97.0,51.26,51.9,3.87,422.54,2,2.8,No,6.356,1.0124853687085447,42.254000000000005,1
CUST10270,25,Female,East,Basic,71,8.29,384.6,136.0,47.46,59.1,4.24,373.51,1,2.2,No,4.846,1.245259165613148,5.1876388888888885,0
CUST10271,63,Female,North,Basic,24,11.08,288.5,4.0,46.5,33.9,3.76,421.15,1,2.8,Yes,3.885,0.7290322580645161,16.846,0
CUST10272,28,Female,East,Basic,23,3.95,377.8,23.0,46.29,47.8,3.99,388.49,1,2.0,No,4.7780000000000005,1.0326204363793476,16.187083333333334,0
CUST10273,45,Female,East,Basic,22,11.83,465.7,15.0,49.61,58.4,3.61,408.16,1,3.8,No,5.657,1.1771820197540819,17.74608695652174,0
CUST10274,43,Female,West,Standard,34,2.74,291.9,20.0,60.72,80.4,3.09,689.64,0,3.7,No,2.9189999999999996,1.324110671936759,19.704,0
CUST10275,58,Female,North,Standard,13,8.28,284.9,18.0,68.67,58.6,2.9,764.49,3,3.9,No,5.849,0.8533566331731469,54.60642857142857,1
CUST10276,20,Male,West,Standard,31,7.51,185.2,43.0,47.97,77.1,2.54,644.12,1,2.5,Yes,2.852,1.6072545340838023,20.12875,0
CUST10277,23,Male,East,Basic,16,4.48,500.3,23.0,60.23,65.3,1.47,441.47,1,4.8,No,6.003,1.0841773202722895,25.968823529411765,0
CUST10278,39,Male,North,Standard,4,6.59,528.2,13.0,37.47,81.0,1.75,631.66,1,2.8,No,6.282,2.1617293835068057,126.332,0
CUST10279,42,Male,West,Premium,27,4.46,471.7,22.0,59.49,54.1,2.49,958.99,2,3.5,Yes,6.717,0.9093965372331484,34.24964285714286,1
CUST10280,58,Female,West,Premium,49,3.33,603.7,35.0,36.57,93.2,3.07,931.01,0,3.1,No,6.037000000000001,2.548537052228603,18.6202,0
CUST10281,49,Female,South,Basic,55,5.31,445.8,11.0,64.36,47.2,4.38,463.96,3,3.5,No,7.458,0.7333747669359851,8.285,1
CUST10282,25,Male,West,Basic,26,3.26,500.6,8.0,81.16,42.7,2.75,381.23,1,5.0,Yes,6.006,0.5261212419911286,14.11962962962963,0
CUST10283,68,Male,South,Basic,24,8.25,484.7,99.0,46.17,35.6,3.9,504.14,1,3.4,Yes,5.8469999999999995,0.7710634611219407,20.165599999999998,0
CUST10284,41,Female,East,Basic,57,3.17,413.5,16.0,15.11,92.3,3.99,404.51,1,1.4,Yes,5.135,6.108537392455328,6.974310344827586,0
CUST10285,68,Male,West,Standard,50,10.62,334.5,22.0,39.78,68.1,2.55,676.99,1,2.7,No,4.345000000000001,1.7119155354449471,13.274313725490197,0
CUST10286,69,Female,South,Standard,60,3.1,828.5,19.0,66.48,49.7,3.45,598.67,2,2.5,No,10.285,0.7475932611311673,9.814262295081967,1
CUST10287,20,Male,West,Basic,66,4.63,348.6,36.0,56.3,75.0,2.53,440.71,5,3.0,No,8.486,1.3321492007104796,6.577761194029851,1
CUST10288,44,Male,South,Standard,60,4.45,310.1,85.0,51.73,66.0,4.25,724.94,1,3.3,No,4.101000000000001,1.2758554030543205,11.884262295081967,0
CUST10289,39,Male,West,Standard,68,15.82,508.1,37.0,63.13,86.5,3.5,758.95,1,3.1,No,6.081,1.3701884999207983,10.99927536231884,0
CUST10290,43,Male,East,Basic,30,8.29,475.3,8.0,55.27,30.2,1.49,571.88,0,4.3,Yes,4.753,0.5464085398950606,18.447741935483872,0
CUST10291,34,Female,North,Premium,29,5.83,177.1,9.0,66.27,50.8,2.98,1062.62,1,3.1,Yes,2.771,0.766561038177154,35.42066666666666,0
CUST10292,47,Male,South,Basic,24,9.25,632.1,19.0,61.79,47.6,4.61,437.59,2,3.2,No,8.321000000000002,0.7703511895128662,17.5036,1
CUST10293,43,Male,South,Premium,17,1.7,413.0,20.0,70.83,23.4,2.6,941.71,1,4.9,No,5.13,0.3303684879288437,52.31722222222223,0
CUST10294,27,Male,North,Basic,54,6.5,230.0,7.0,53.38,72.0,3.29,463.83,2,3.2,No,4.3,1.348819782690146,8.433272727272726,1
CUST10295,33,Male,North,Premium,52,24.49,644.0,44.0,61.58,50.7,3.4,1049.85,0,3.5,No,6.44,0.8233192594998376,19.808490566037733,0
CUST10296,25,Female,South,Premium,58,7.29,542.6,11.0,43.39,66.8,1.66,1056.89,1,3.3,No,6.426,1.539525236229546,17.913389830508475,0
CUST10297,61,Female,North,Premium,13,6.99,202.4,70.0,38.98,92.8,3.36,1010.83,2,2.7,Yes,4.024,2.3807080554130327,72.20214285714286,1
CUST10298,53,Female,North,Premium,36,9.55,749.9,88.0,73.6,49.3,1.27,1020.41,1,2.7,Yes,8.498999999999999,0.6698369565217391,27.57864864864865,0
CUST10299,38,Female,East,Standard,16,6.51,548.6,21.0,51.24,48.3,2.11,758.6,2,3.9,Yes,7.486000000000001,0.9426229508196721,44.62352941176471,1
CUST10300,38,Male,East,Standard,65,1.83,428.2,33.0,60.07,56.9,3.98,754.74,1,4.5,No,5.282,0.9472282337273181,11.435454545454546,0
CUST10301,22,Male,East,Standard,20,2.24,716.2,10.0,49.86,70.8,3.19,671.84,2,2.1,No,9.162,1.4199759326113117,31.992380952380955,1
CUST10302,33,Female,South,Basic,11,7.67,458.7,38.0,39.2,45.9,2.47,438.8,2,3.3,No,6.587,1.1709183673469385,36.56666666666667,1
CUST10303,66,Female,West,Standard,42,4.2,424.9,17.0,48.16,44.9,3.29,757.18,0,3.3,Yes,4.249,0.9323089700996678,17.608837209302326,0
CUST10304,19,Female,East,Standard,64,15.69,311.1,11.0,69.54,71.9,2.73,796.36,0,3.1,No,3.111,1.0339373022720737,12.251692307692307,0
CUST10305,25,Male,North,Premium,66,5.45,534.7,20.0,56.33,61.1,2.81,964.05,1,3.9,No,6.347,1.0846795668382745,14.388805970149253,0
CUST10306,61,Female,North,Standard,7,1.9,515.8,18.0,22.33,22.3,3.52,660.69,3,3.3,No,8.158,0.9986565158978953,82.58625,1
CUST10307,45,Female,East,Standard,24,2.93,432.6,20.0,44.77,35.4,2.0,677.33,1,4.0,No,5.3260000000000005,0.7907080634353361,27.093200000000003,0
CUST10308,19,Male,North,Standard,12,1.12,287.8,48.0,74.73,79.0,2.84,675.62,1,3.8,Yes,3.878,1.057139033855212,51.97076923076923,0
CUST10309,43,Male,South,Basic,23,5.74,453.4,14.0,44.79,61.4,2.46,358.83,3,3.2,Yes,7.534,1.3708417057378879,14.95125,1
CUST10310,56,Female,West,Basic,39,5.92,417.4,83.0,20.99,42.8,1.06,349.68,1,5.0,No,5.1739999999999995,2.039066222010481,8.742,0
CUST10311,35,Male,North,Standard,21,5.07,190.0,10.0,76.4,52.3,1.79,630.61,2,4.3,No,3.9,0.6845549738219895,28.66409090909091,1
CUST10312,37,Female,North,Standard,5,13.48,165.1,76.0,58.24,55.2,4.53,676.82,2,3.3,Yes,3.651,0.9478021978021978,112.80333333333334,1
CUST10313,50,Female,West,Basic,37,14.57,531.7,12.0,46.95,66.8,3.22,451.01,3,2.0,No,8.317,1.4227902023429178,11.868684210526316,1
CUST10314,49,Male,East,Standard,4,5.98,20.0,25.0,42.43,33.3,1.34,719.79,2,3.8,No,2.2,0.7848220598633042,143.958,1
CUST10315,64,Male,North,Standard,17,1.67,467.0,17.0,64.24,41.5,1.11,649.73,2,5.0,No,6.67,0.6460149439601495,36.096111111111114,1
CUST10316,30,Female,West,Basic,1,9.99,343.9,19.0,39.87,59.4,2.68,469.74,5,2.4,Yes,8.439,1.489841986455982,234.87,1
CUST10317,32,Male,West,Standard,7,9.59,665.5,43.0,65.22,53.4,4.52,639.2,1,1.8,Yes,7.655,0.8187672493100276,79.9,0
CUST10318,26,Female,South,Standard,32,6.51,341.2,70.0,56.13,64.1,2.59,672.69,0,3.4,No,3.412,1.1419918047389985,20.384545454545457,0
CUST10319,52,Male,East,Basic,62,12.65,548.7,56.0,51.67,35.3,4.24,507.2,3,4.0,No,8.487,0.6831817302109541,8.05079365079365,1
CUST10320,45,Male,South,Premium,56,3.14,358.6,18.0,50.18,60.7,3.19,1000.56,1,3.1,Yes,4.586,1.2096452770027901,17.553684210526313,0
CUST10321,36,Female,North,Premium,8,24.67,450.5,28.0,45.38,72.5,3.32,1057.17,1,2.6,Yes,5.505,1.5976200969590126,117.46333333333334,0
CUST10322,54,Female,East,Standard,3,3.58,562.6,14.0,63.68,62.8,1.33,679.37,3,2.9,Yes,8.626000000000001,0.986180904522613,169.8425,1
CUST10323,37,Female,South,Basic,25,10.88,346.7,12.0,35.02,57.2,3.83,585.22,3,2.9,Yes,6.4670000000000005,1.6333523700742432,22.50846153846154,1
CUST10324,28,Female,East,Standard,47,2.23,609.4,11.0,23.67,53.5,2.43,661.41,2,3.4,Yes,8.094,2.260245035910435,13.779375,1
CUST10325,46,Female,West,Premium,54,3.65,251.1,18.0,57.22,41.6,3.75,932.77,2,2.4,Yes,4.511,0.7270185249912618,16.959454545454545,1
CUST10326,40,Female,North,Standard,60,17.92,483.0,29.0,57.47,53.8,1.9,746.96,0,4.4,No,4.83,0.936140595093092,12.245245901639345,0
CUST10327,39,Female,East,Premium,25,5.64,596.1,6.0,55.2,75.2,2.99,987.91,1,3.4,No,6.961,1.3623188405797102,37.996538461538464,0
CUST10328,41,Male,North,Standard,13,11.54,548.8,24.0,54.12,53.1,3.19,709.93,3,3.9,No,8.488,0.9811529933481153,50.70928571428571,1
CUST10329,65,Male,West,Standard,2,7.8,775.0,71.0,43.19,40.8,2.63,694.08,1,3.8,No,8.75,0.944663116462144,231.36,0
CUST10330,29,Female,South,Basic,11,6.24,292.6,54.0,59.81,47.1,3.24,357.05,2,3.9,No,4.926,0.7874937301454606,29.754166666666666,1
CUST10331,32,Female,East,Standard,5,16.22,181.8,16.0,47.32,58.2,2.51,693.38,0,3.6,No,1.818,1.2299239222316145,115.56333333333333,0
CUST10332,47,Female,East,Basic,62,5.73,251.0,9.0,40.69,49.0,2.09,425.17,1,4.0,No,3.51,1.2042270828213322,6.748730158730159,0
CUST10333,20,Female,South,Standard,20,2.1,548.9,34.0,43.32,62.8,4.57,652.51,2,1.4,No,7.489,1.4496768236380424,31.07190476190476,1
CUST10334,25,Female,East,Premium,60,3.97,519.6,5.0,78.31,63.4,3.95,941.68,4,2.5,Yes,9.196000000000002,0.80960286042651,15.437377049180327,1
CUST10335,47,Female,East,Basic,40,9.57,448.4,53.0,21.98,69.2,1.96,446.68,2,2.5,No,6.484,3.1483166515013647,10.894634146341463,1
CUST10336,44,Male,East,Standard,39,8.65,227.9,21.0,55.5,77.8,3.43,704.26,0,2.7,No,2.279,1.4018018018018017,17.6065,0
CUST10337,51,Male,West,Basic,33,2.41,568.0,88.0,22.81,70.9,1.98,462.38,1,3.1,No,6.68,3.10828583954406,13.599411764705883,0
CUST10338,23,Male,West,Standard,59,4.18,209.6,7.0,46.38,40.1,1.5,668.62,0,4.2,Yes,2.096,0.8645968089693833,11.143666666666666,0
CUST10339,62,Female,South,Basic,4,4.58,638.6,47.0,41.5,40.5,3.94,448.43,0,3.7,No,6.386,0.9759036144578314,89.686,0
CUST10340,43,Female,South,Premium,7,5.27,944.3,23.0,16.72,53.8,0.93,950.83,1,4.0,No,10.443,3.2177033492822966,118.85375,0
CUST10341,26,Male,North,Basic,31,2.73,496.0,19.0,53.84,47.8,3.82,446.85,1,2.7,No,5.96,0.8878157503714709,13.9640625,0
CUST10342,34,Male,West,Premium,29,4.44,535.0,9.0,42.3,36.8,2.52,996.31,2,3.7,Yes,7.35,0.8699763593380615,33.21033333333333,1
CUST10343,29,Male,South,Premium,40,4.16,341.3,37.0,16.51,47.9,2.57,1021.58,2,2.5,No,5.413,2.901271956390066,24.91658536585366,1
CUST10344,41,Male,South,Standard,54,11.04,104.2,39.0,60.59,55.25,3.25,754.48,2,3.4,No,3.042,0.9118666446608351,13.717818181818183,1
CUST10345,42,Male,North,Standard,43,11.31,321.5,86.0,69.53,44.3,3.44,749.24,2,3.8,Yes,5.215,0.6371350496188695,17.028181818181817,1
CUST10346,40,Male,West,Standard,19,6.08,233.3,50.0,70.35,49.9,1.89,680.07,1,2.2,No,3.333,0.7093105899076049,34.0035,0
CUST10347,41,Female,South,Premium,24,5.18,169.5,16.0,53.38,73.9,3.59,993.55,0,4.1,No,1.695,1.3844136380666916,39.742,0
CUST10348,65,Female,East,Standard,55,7.32,740.0,12.0,48.69,58.2,2.92,501.41,0,3.5,No,7.4,1.1953173136167592,8.953750000000001,0
CUST10349,67,Male,North,Standard,15,3.93,479.1,9.0,67.92,94.5,1.42,636.72,0,3.1,Yes,4.791,1.3913427561837455,39.795,0
CUST10350,43,Male,West,Basic,37,3.17,498.3,69.0,73.24,57.7,2.61,383.46,0,4.8,No,4.9830000000000005,0.7878208629164392,10.091052631578947,0
CUST10351,68,Female,North,Standard,39,3.63,374.4,14.0,65.0,50.4,4.32,680.76,2,3.0,No,5.744,0.7753846153846153,17.019,1
CUST10352,60,Female,North,Basic,55,4.43,398.9,69.0,33.88,55.1,4.64,448.42,1,2.5,Yes,4.989,1.6263282172373081,8.0075,0
CUST10353,60,Female,West,Standard,52,3.14,603.6,35.0,51.02,59.1,3.59,622.51,1,2.7,Yes,7.0360000000000005,1.1583692669541357,11.745471698113207,0
CUST10354,29,Female,West,Standard,34,7.43,424.2,31.0,54.59,62.0,1.49,689.47,1,4.7,Yes,5.242,1.135739146363803,19.699142857142856,0
CUST10355,40,Male,North,Standard,23,10.74,525.5,20.0,20.86,88.2,3.34,708.27,3,2.0,Yes,8.254999999999999,4.228187919463087,29.51125,1
CUST10356,36,Female,South,Standard,27,2.38,394.7,39.0,55.04,41.5,3.74,541.44,1,3.4,No,4.947,0.7539970930232558,19.337142857142858,0
CUST10357,23,Female,East,Standard,30,6.8,368.4,24.0,82.09,68.7,3.6,677.72,4,4.0,No,7.683999999999999,0.836886344256304,21.86193548387097,1
CUST10358,21,Female,West,Standard,16,5.8,176.8,19.0,57.6,58.3,3.66,675.15,2,3.4,Yes,3.768,1.0121527777777777,39.71470588235294,1
CUST10359,50,Female,South,Standard,46,8.35,74.0,40.0,70.1,29.9,3.2,690.28,0,4.0,No,0.74,0.42653352353780316,14.686808510638297,0
CUST10360,39,Male,South,Standard,16,6.63,382.9,22.0,50.74,67.3,2.72,766.66,0,3.8,Yes,3.8289999999999997,1.3263697280252265,45.097647058823526,0
CUST10361,60,Male,East,Premium,47,2.6,440.2,14.0,46.9,75.3,2.13,897.73,1,4.5,No,5.402,1.605543710021322,18.702708333333334,0
CUST10362,52,Female,South,Basic,55,2.94,198.5,37.0,53.72,41.3,0.71,371.29,0,4.5,No,1.985,0.7688011913626209,6.630178571428572,0
CUST10363,22,Male,West,Basic,70,6.81,423.8,23.0,35.76,54.9,3.17,296.19,0,3.0,No,4.238,1.5352348993288591,4.171690140845071,0
CUST10364,61,Male,East,Basic,9,13.05,439.7,35.0,33.54,27.4,3.0,450.85,1,3.6,No,5.397,0.8169350029815146,45.085,0
CUST10365,43,Male,North,Standard,55,1.59,41.9,18.0,66.99,34.9,3.41,636.78,0,4.5,No,0.419,0.5209732795939692,11.371071428571428,0
CUST10366,47,Female,West,Standard,7,8.37,265.3,11.0,68.59,71.8,1.33,671.17,1,3.3,Yes,3.653,1.046799825047383,83.89625,0
CUST10367,68,Male,West,Standard,25,14.49,503.3,83.0,33.13,47.5,3.51,796.86,3,2.8,Yes,8.033000000000001,1.4337458496830666,30.64846153846154,1
CUST10368,51,Male,West,Standard,13,6.05,499.7,72.0,62.52,37.3,5.06,732.63,1,2.2,Yes,5.997,0.5966090850927702,52.330714285714286,0
CUST10369,19,Female,North,Basic,12,9.56,222.3,46.0,46.7,58.7,2.89,460.64,1,2.5,Yes,3.2230000000000003,1.2569593147751605,35.433846153846154,0
CUST10370,27,Female,North,Premium,13,4.23,458.5,19.0,53.1,46.6,2.73,954.0,0,3.3,Yes,4.585,0.8775894538606404,68.14285714285714,0
CUST10371,40,Male,East,Standard,4,6.19,614.0,20.0,48.2,47.5,3.14,742.58,1,3.4,Yes,7.14,0.9854771784232365,148.51600000000002,0
CUST10372,19,Female,North,Basic,60,2.33,569.9,65.0,62.92,66.8,5.04,411.89,0,3.5,No,5.699,1.0616656071201525,6.752295081967213,0
CUST10373,26,Female,West,Standard,5,1.46,412.8,19.0,49.24,36.4,1.67,612.76,2,4.3,No,6.128,0.7392363931762794,102.12666666666667,1
CUST10374,59,Male,South,Basic,29,12.34,345.8,16.0,69.15,40.5,3.02,378.65,0,3.4,No,3.458,0.5856832971800433,12.621666666666666,0
CUST10375,25,Male,East,Basic,51,3.52,316.7,91.0,52.64,57.5,1.92,395.85,0,3.2,No,3.167,1.0923252279635258,7.612500000000001,0
CUST10376,26,Female,West,Basic,72,4.97,514.2,24.0,57.36,70.5,2.2,470.33,1,4.1,No,6.142,1.2290794979079498,6.442876712328767,0
CUST10377,44,Male,South,Premium,62,2.72,465.1,85.0,35.5,74.8,2.75,1090.53,2,3.3,Yes,6.651,2.1070422535211266,17.31,1
CUST10378,22,Male,South,Standard,10,2.67,543.3,9.0,80.38,44.4,4.28,668.41,2,3.6,No,7.433,0.5523762129883055,60.76454545454545,1
CUST10379,31,Female,East,Standard,72,5.97,453.7,35.0,55.05,70.0,4.78,642.73,0,2.2,No,4.537,1.2715712988192553,8.804520547945206,0
CUST10380,66,Male,East,Standard,48,4.16,577.4,105.0,58.69,42.5,3.29,608.79,2,4.2,No,7.774,0.7241438064406203,12.424285714285714,1
CUST10381,50,Male,South,Standard,13,8.55,447.0,25.0,23.88,84.2,2.39,730.66,1,1.9,No,5.47,3.525963149078727,52.19,0
CUST10382,68,Male,East,Premium,33,8.97,571.2,20.0,48.2,36.9,5.54,905.77,1,2.7,Yes,6.712000000000001,0.7655601659751037,26.64029411764706,0
CUST10383,36,Male,West,Standard,67,8.24,586.7,11.0,66.57,76.3,2.33,728.71,2,4.7,No,7.867000000000001,1.146161934805468,10.716323529411765,1
CUST10384,50,Male,South,Standard,29,7.81,285.2,52.0,52.3,44.5,2.17,740.83,0,3.9,No,2.852,0.8508604206500956,24.694333333333336,0
CUST10385,30,Male,North,Standard,14,18.64,104.5,14.0,19.29,87.2,0.85,784.84,2,2.5,Yes,3.045,4.520476931052359,52.32266666666667,1
CUST10386,37,Female,South,Premium,64,3.34,707.8,23.0,63.57,64.5,4.34,956.96,2,3.1,No,9.078,1.0146295422369043,14.72246153846154,1
CUST10387,27,Female,South,Standard,69,6.45,476.2,10.0,39.84,38.7,3.87,718.77,3,2.8,No,7.762,0.9713855421686747,10.268142857142857,1
CUST10388,61,Female,North,Premium,71,13.96,121.4,73.0,69.17,46.6,5.46,1042.16,0,2.1,No,1.214,0.6737024721700159,14.474444444444446,0
CUST10389,27,Male,North,Basic,69,15.21,301.5,55.0,46.68,55.25,1.27,447.46,2,4.0,No,5.015000000000001,1.1835904027420736,6.392285714285714,1
CUST10390,28,Male,East,Premium,63,2.65,568.9,24.0,51.07,71.8,4.4,1066.67,2,3.1,No,7.689,1.405913452124535,16.66671875,1
CUST10391,42,Male,South,Standard,33,5.46,379.7,11.0,65.68,53.9,2.88,662.42,3,3.4,Yes,6.797,0.8206455542021923,19.482941176470586,1
CUST10392,40,Female,West,Basic,14,16.16,337.8,72.0,34.54,55.7,3.69,538.63,5,2.5,No,8.378,1.612623045744065,35.90866666666667,1
CUST10393,34,Female,North,Standard,45,9.3,682.2,19.0,33.11,67.1,0.99,571.78,2,2.9,No,8.822,2.0265780730897007,12.43,1
CUST10394,36,Female,North,Standard,16,7.59,241.5,11.0,45.05,57.1,4.41,764.75,4,2.6,No,6.415,1.2674805771365152,44.98529411764706,1
CUST10395,33,Female,West,Basic,35,5.8,286.3,7.0,60.41,34.3,3.67,514.58,0,3.3,Yes,2.863,0.5677867902665121,14.29388888888889,0
CUST10396,65,Female,West,Standard,48,5.21,468.0,16.0,28.04,42.0,2.76,681.9,0,2.6,No,4.68,1.4978601997146934,13.916326530612244,0
CUST10397,48,Male,South,Premium,69,8.06,500.3,9.0,22.98,58.8,3.51,1028.09,2,3.6,No,7.003,2.558746736292428,14.687,1
CUST10398,65,Male,North,Basic,21,5.67,519.3,16.0,60.36,74.4,1.96,463.74,2,3.7,Yes,7.193,1.2326043737574555,21.079090909090908,1
CUST10399,69,Female,North,Standard,19,6.5,594.0,41.0,38.96,80.9,2.16,652.65,5,3.2,Yes,10.940000000000001,2.0764887063655033,32.6325,1
CUST10400,51,Female,South,Standard,53,7.04,465.7,19.0,42.12,67.5,2.29,721.33,1,3.6,Yes,5.657,1.6025641025641026,13.357962962962963,0
CUST10401,60,Male,South,Basic,1,4.3,518.1,31.0,20.15,59.6,0.76,380.33,3,3.8,No,8.181000000000001,2.9578163771712163,190.165,1
CUST10402,23,Male,South,Premium,41,9.45,383.3,15.0,37.82,67.0,3.75,972.22,0,2.3,No,3.833,1.7715494447382338,23.148095238095237,0
CUST10403,67,Female,North,Standard,54,44.45,441.3,26.0,47.89,44.3,4.11,977.68,2,3.2,Yes,6.413,0.9250365420755898,17.776,1
CUST10404,43,Female,South,Basic,40,2.11,449.4,94.0,61.96,52.5,2.03,465.27,0,3.7,No,4.494,0.8473208521626856,11.348048780487805,0
CUST10405,55,Female,West,Premium,28,8.25,468.7,19.0,36.43,41.8,3.18,959.65,1,3.4,Yes,5.687,1.1474059840790556,33.09137931034483,0
CUST10406,30,Female,East,Premium,60,4.08,569.1,32.0,72.86,35.0,2.51,933.13,1,4.4,No,6.691,0.48037331869338457,15.297213114754099,0
CUST10407,22,Female,South,Basic,27,9.73,529.9,8.0,37.73,60.3,3.16,421.87,2,2.7,No,7.2989999999999995,1.5981977206467004,15.066785714285714,1
CUST10408,64,Female,North,Premium,52,6.89,438.0,71.0,37.75,58.0,2.11,1030.64,0,2.6,No,4.38,1.5364238410596027,19.446037735849057,0
CUST10409,41,Male,South,Basic,34,10.97,284.4,18.0,71.06,66.0,1.83,409.82,2,3.9,No,4.843999999999999,0.9287925696594427,11.709142857142856,1
CUST10410,25,Male,South,Premium,2,14.35,442.2,51.0,51.17,63.7,3.96,1054.72,0,2.7,Yes,4.422,1.2448700410396718,351.5733333333333,0
CUST10411,52,Female,West,Standard,39,7.58,425.0,23.0,39.72,58.9,2.73,735.56,2,2.1,No,6.25,1.4828801611278952,18.389,1
CUST10412,20,Male,West,Standard,4,13.95,464.8,38.0,45.67,63.9,5.02,727.85,0,2.6,No,4.648,1.3991679439456972,145.57,0
CUST10413,41,Male,West,Basic,68,1.46,827.2,39.0,68.3,54.3,2.85,463.31,0,4.2,No,8.272,0.7950219619326501,6.71463768115942,0
CUST10414,54,Female,West,Premium,44,18.8,335.7,18.0,69.99,61.6,1.78,1045.06,3,5.0,No,6.356999999999999,0.880125732247464,23.223555555555553,1
CUST10415,55,Male,West,Basic,27,8.53,506.0,53.0,35.75,43.4,4.15,438.42,2,2.6,No,7.06,1.213986013986014,15.657857142857143,1
CUST10416,41,Male,West,Basic,36,13.47,622.3,14.0,47.36,60.9,3.49,426.07,0,2.6,No,6.223,1.2858952702702702,11.515405405405405,0
CUST10417,37,Male,North,Basic,45,3.03,447.6,42.0,49.35,65.7,3.6,473.12,2,2.2,No,6.476,1.331306990881459,10.285217391304348,1
CUST10418,61,Male,North,Standard,19,3.9,850.8,19.0,33.21,44.3,4.11,630.24,2,2.9,No,10.508,1.3339355615778379,31.512,1
CUST10419,27,Female,South,Basic,21,7.35,362.0,31.0,47.16,55.8,2.08,462.34,1,3.6,No,4.62,1.183206106870229,21.015454545454546,0
CUST10420,21,Female,East,Premium,31,6.61,488.3,18.0,48.08,45.0,2.66,984.74,2,3.1,Yes,6.883,0.9359400998336107,30.773125,1
CUST10421,26,Female,North,Standard,19,8.04,286.2,25.0,65.1,46.6,2.61,639.34,0,3.7,Yes,2.862,0.7158218125960062,31.967000000000002,0
CUST10422,59,Female,West,Basic,55,13.53,366.7,12.0,66.11,37.0,1.38,446.68,3,3.4,Yes,6.667,0.5596732718196945,7.976428571428571,1
CUST10423,42,Female,South,Basic,8,2.12,474.8,29.0,43.06,75.3,2.51,487.78,6,3.5,No,10.748000000000001,1.748722712494194,54.19777777777777,1
CUST10424,19,Male,South,Basic,60,12.59,582.3,25.0,44.79,72.1,4.27,485.63,1,2.0,No,6.8229999999999995,1.6097343156954675,7.961147540983607,0
CUST10425,26,Male,North,Standard,26,6.72,487.4,17.0,57.96,63.6,3.06,633.82,2,3.2,No,6.874,1.0973084886128364,23.474814814814817,1
CUST10426,19,Male,South,Premium,41,5.86,656.6,24.0,39.22,86.6,1.32,1000.95,0,2.3,Yes,6.566,2.208057113717491,23.83214285714286,0
CUST10427,60,Male,North,Basic,12,2.57,412.9,27.0,56.83,52.0,1.09,406.38,6,3.8,No,10.129,0.9150096779869787,31.259999999999998,1
CUST10428,41,Female,West,Premium,28,9.27,370.2,16.0,46.68,103.5,4.63,1194.59,0,1.6,No,3.702,2.217223650385604,41.19275862068965,0
CUST10429,21,Male,East,Basic,55,1.39,916.7,22.0,33.46,51.4,2.7,423.02,1,3.1,No,10.167,1.5361625821876868,7.553928571428571,0
CUST10430,29,Male,East,Premium,20,10.19,501.0,12.0,33.65,59.1,2.09,989.21,3,3.5,Yes,8.01,1.7563150074294207,47.1052380952381,1
CUST10431,50,Male,South,Premium,10,2.53,300.5,127.0,69.71,48.6,2.5,1042.28,1,4.7,No,4.005,0.6971740065987664,94.75272727272727,0
CUST10432,48,Male,South,Standard,38,6.92,305.0,51.0,45.65,61.0,1.17,589.26,1,4.1,Yes,4.05,1.3362541073384446,15.109230769230768,0
CUST10433,60,Female,South,Standard,12,6.19,260.3,30.0,72.61,68.4,4.37,691.33,2,3.5,No,4.603,0.9420190056466052,53.17923076923077,1
CUST10434,19,Male,West,Premium,23,14.3,598.6,56.0,40.3,53.2,2.37,1144.49,1,4.1,No,6.986000000000001,1.3200992555831268,47.687083333333334,0
CUST10435,21,Male,West,Basic,33,5.95,364.4,6.0,52.37,83.4,4.3,428.31,0,2.6,Yes,3.6439999999999997,1.5925147985487877,12.59735294117647,0
CUST10436,19,Female,North,Basic,41,4.26,452.9,4.0,83.89,58.8,2.86,329.23,0,3.8,No,4.529,0.7009178686375015,7.838809523809524,0
CUST10437,38,Male,West,Basic,47,4.81,418.6,19.0,32.14,59.3,4.37,406.08,3,2.9,No,7.186,1.8450528935905413,8.459999999999999,1
CUST10438,55,Female,North,Standard,49,15.29,561.7,9.0,19.53,40.5,3.08,820.74,2,3.5,No,7.617000000000001,2.073732718894009,16.4148,1
CUST10439,52,Male,West,Standard,61,6.51,277.6,21.0,67.3,61.7,3.74,726.5,1,3.5,No,3.7760000000000002,0.9167904903417534,11.71774193548387,0
CUST10440,28,Male,North,Standard,5,5.2,236.4,28.0,35.6,52.9,3.59,634.06,2,2.0,No,4.364,1.4859550561797752,105.67666666666666,1
CUST10441,52,Male,South,Premium,27,5.73,470.4,47.0,47.69,45.3,3.49,945.69,1,2.8,No,5.704,0.94988467183896,33.77464285714286,0
CUST10442,52,Male,West,Basic,1,2.41,538.2,11.0,39.21,42.6,3.18,382.68,1,3.1,No,6.382000000000001,1.0864575363427698,191.34,0
CUST10443,27,Male,North,Standard,1,8.61,489.9,32.0,52.02,97.7,2.54,720.53,2,3.1,No,6.899,1.8781237985390233,360.265,1
CUST10444,56,Female,South,Basic,16,2.13,284.3,25.0,33.74,50.8,4.91,485.38,0,2.4,No,2.843,1.5056312981624183,28.551764705882352,0
CUST10445,39,Male,South,Basic,44,10.9,551.9,31.0,45.3,55.25,1.8,522.28,1,4.6,Yes,6.519,1.219646799116998,11.606222222222222,0
CUST10446,21,Male,North,Standard,65,7.27,296.1,17.0,54.75,43.8,2.8,717.7,2,4.3,No,4.961,0.7999999999999999,10.874242424242425,1
CUST10447,38,Male,East,Premium,56,31.55,336.1,65.0,32.88,54.2,2.82,1065.06,0,3.7,No,3.361,1.6484184914841848,18.685263157894735,0
CUST10448,58,Male,West,Standard,47,3.27,260.1,23.0,37.5,63.7,3.24,595.58,2,3.5,No,4.601000000000001,1.6986666666666668,12.407916666666667,1
CUST10449,54,Male,West,Basic,57,6.25,664.2,85.0,42.79,63.9,2.33,465.83,1,2.6,No,7.642,1.4933395653189998,8.03155172413793,0
CUST10450,31,Female,South,Standard,13,21.52,544.0,14.0,26.57,65.8,3.15,704.12,1,2.9,No,6.44,2.4764772299585998,50.294285714285714,0
CUST10451,57,Male,South,Basic,61,14.5,538.9,41.0,41.66,44.7,2.61,473.59,2,3.1,No,7.388999999999999,1.0729716754680751,7.638548387096773,1
CUST10452,38,Female,North,Premium,65,6.51,654.5,24.0,49.78,60.4,1.06,991.23,6,2.9,Yes,12.545,1.2133386902370429,15.018636363636364,1
CUST10453,41,Female,North,Standard,7,7.73,936.3,20.0,42.01,41.0,2.81,632.81,2,3.3,Yes,11.363,0.9759581052130446,79.10125,1
CUST10454,22,Male,North,Basic,34,6.69,122.3,38.0,43.93,45.1,1.59,382.81,1,4.6,No,2.223,1.0266332802185296,10.93742857142857,0
CUST10455,69,Female,West,Basic,60,8.03,297.1,20.0,47.7,40.3,0.89,442.0,1,4.5,No,3.971,0.8448637316561843,7.245901639344262,0
CUST10456,61,Male,West,Basic,35,4.25,319.1,4.0,38.16,36.0,2.95,452.2,1,4.5,No,4.191000000000001,0.9433962264150945,12.56111111111111,0
CUST10457,28,Female,West,Premium,61,6.31,276.9,3.0,58.37,72.0,3.34,1045.24,0,3.1,Yes,2.7689999999999997,1.233510364913483,16.858709677419355,0
CUST10458,47,Male,South,Standard,68,2.37,236.0,60.0,69.54,66.0,3.38,696.61,4,4.6,No,6.359999999999999,0.9490940465918895,10.095797101449275,1
CUST10459,58,Male,South,Standard,35,7.3,376.1,58.0,41.03,70.6,3.42,696.85,2,2.8,No,5.761,1.7206921764562513,19.356944444444444,1
CUST10460,44,Male,South,Standard,5,6.51,211.0,92.0,55.28,55.6,0.67,661.72,1,4.2,No,3.11,1.0057887120115774,110.28666666666668,0
CUST10461,28,Female,South,Standard,25,5.77,490.3,24.0,44.41,67.4,1.3,624.72,2,2.8,No,6.9030000000000005,1.5176761990542673,24.02769230769231,1
CUST10462,68,Female,South,Basic,16,2.34,439.3,10.0,53.48,26.8,4.97,384.94,2,3.8,Yes,6.393,0.5011219147344802,22.643529411764707,1
CUST10463,31,Male,North,Premium,35,12.71,516.6,18.0,71.49,68.8,1.65,1047.81,1,3.6,Yes,6.166,0.9623723597705973,29.105833333333333,0
CUST10464,35,Female,North,Basic,43,8.47,521.4,25.0,55.63,57.8,3.47,468.33,0,2.8,Yes,5.2139999999999995,1.0390077296422793,10.643863636363635,0
CUST10465,37,Female,West,Standard,34,4.17,538.5,12.0,21.4,65.0,2.04,558.53,1,3.6,No,6.385,3.0373831775700935,15.957999999999998,0
CUST10466,64,Female,South,Standard,15,6.51,362.8,78.0,54.81,61.1,2.89,639.21,0,3.9,Yes,3.628,1.1147600802773217,39.950625,0
CUST10467,44,Male,West,Standard,22,2.52,811.8,118.0,66.49,39.2,2.1,730.37,1,4.8,No,9.118,0.5895623402015342,31.75521739130435,0
CUST10468,55,Female,North,Premium,49,3.43,472.2,34.0,44.68,31.0,3.42,973.94,2,3.3,No,6.7219999999999995,0.693822739480752,19.4788,1
CUST10469,64,Male,East,Basic,2,4.71,94.8,24.0,62.93,43.6,2.95,349.32,1,3.7,No,1.948,0.6928333068488798,116.44,0
CUST10470,66,Male,North,Standard,16,14.86,249.6,10.0,37.65,64.0,2.31,867.73,1,3.1,No,3.496,1.699867197875166,51.04294117647059,0
CUST10471,62,Male,South,Standard,65,4.41,116.7,72.0,25.72,66.0,1.64,673.87,1,3.5,Yes,2.167,2.5660964230171075,10.210151515151516,0
CUST10472,65,Female,North,Standard,8,10.14,433.1,26.0,50.12,33.1,3.09,730.98,1,4.5,Yes,5.331,0.6604150039904231,81.22,0
CUST10473,67,Female,North,Basic,30,4.71,408.1,20.0,21.65,39.3,1.47,449.23,1,3.8,No,5.081,1.8152424942263279,14.491290322580646,0
CUST10474,69,Female,South,Basic,15,7.86,345.7,34.0,44.4,43.4,3.27,425.94,2,4.4,No,5.457,0.9774774774774775,26.62125,1
CUST10475,51,Female,South,Basic,8,6.51,792.0,16.0,67.3,49.3,5.69,395.58,0,3.2,No,7.92,0.7325408618127786,43.95333333333333,0
CUST10476,24,Male,East,Basic,31,11.79,528.8,27.0,19.35,33.2,4.29,586.43,1,2.5,No,6.287999999999999,1.7157622739018088,18.3259375,0
CUST10477,23,Male,South,Standard,38,4.72,560.7,9.0,28.81,32.2,3.59,732.5,3,3.5,No,8.607,1.1176674765706354,18.78205128205128,1
CUST10478,59,Female,South,Standard,13,2.41,262.4,53.0,32.52,41.9,2.71,708.67,2,4.2,Yes,4.624,1.2884378843788435,50.61928571428571,1
CUST10479,34,Female,South,Standard,6,2.72,250.2,23.0,47.05,56.4,0.67,697.02,1,5.0,No,3.502,1.1987247608926674,99.57428571428571,0
CUST10480,59,Male,North,Standard,10,4.73,436.6,55.0,42.51,36.1,1.35,622.2,2,4.7,Yes,6.3660000000000005,0.8492119501293814,56.56363636363637,1
CUST10481,66,Male,West,Standard,47,2.97,461.1,21.0,68.99,53.1,4.21,737.08,2,3.2,Yes,6.611000000000001,0.7696767647485143,15.355833333333335,1
CUST10482,51,Female,West,Basic,62,8.73,95.9,22.0,62.32,71.9,1.93,405.01,1,3.4,Yes,1.959,1.1537227214377408,6.428730158730159,0
CUST10483,57,Male,East,Standard,13,4.94,397.5,11.0,55.43,34.2,2.03,694.22,1,4.4,No,4.975,0.616994407360635,49.58714285714286,0
CUST10484,32,Female,South,Basic,24,31.3,432.5,42.0,50.18,51.7,2.62,496.63,2,4.4,No,6.325,1.0302909525707453,19.8652,1
CUST10485,40,Female,North,Basic,25,2.16,391.3,13.0,53.9,71.4,1.63,299.71,0,3.8,No,3.9130000000000003,1.324675324675325,11.52730769230769,0
CUST10486,68,Male,West,Standard,26,7.63,283.6,17.0,35.07,48.3,1.45,712.29,2,3.9,Yes,4.836,1.377245508982036,26.38111111111111,1
CUST10487,60,Male,South,Standard,18,3.21,332.9,25.0,60.86,45.8,2.74,623.76,0,3.7,No,3.3289999999999997,0.7525468287873809,32.82947368421053,0
CUST10488,28,Female,North,Basic,4,4.85,398.2,27.0,31.32,73.6,1.82,318.7,2,2.8,No,5.981999999999999,2.3499361430395913,63.739999999999995,1
CUST10489,66,Male,South,Standard,38,6.51,446.3,7.0,60.53,50.1,1.98,722.71,0,3.8,No,4.463,0.8276887493804725,18.531025641025643,0
CUST10490,43,Male,West,Standard,26,1.47,538.9,21.0,65.79,55.25,1.94,774.42,1,3.7,Yes,6.388999999999999,0.8397932816537467,28.682222222222222,0
CUST10491,61,Male,East,Standard,25,7.8,624.6,43.0,51.16,61.9,3.37,772.23,0,4.0,No,6.246,1.2099296325254105,29.701153846153847,0
CUST10492,45,Female,West,Standard,20,23.03,377.0,19.0,45.36,49.5,2.54,773.03,0,3.3,No,3.77,1.0912698412698414,36.81095238095238,0
CUST10493,49,Female,West,Standard,67,4.98,347.9,21.0,54.0,62.7,2.6,679.37,2,3.4,No,5.478999999999999,1.1611111111111112,9.990735294117647,1
CUST10494,26,Male,North,Basic,44,7.92,508.8,27.0,5.08,60.1,3.46,495.34,2,1.7,No,7.088,11.830708661417322,11.007555555555555,1
CUST10495,35,Female,West,Standard,31,13.02,540.0,22.0,52.53,71.3,2.64,788.84,2,3.5,Yes,7.4,1.3573196268798782,24.65125,1
CUST10496,55,Male,South,Standard,15,6.01,351.8,12.0,46.3,46.2,2.49,666.17,4,4.3,No,7.518000000000001,0.9978401727861772,41.635625,1
CUST10497,61,Male,East,Standard,58,4.58,572.3,24.0,47.24,55.7,3.32,678.36,3,4.0,No,8.722999999999999,1.1790855207451312,11.497627118644068,1
CUST10498,22,Male,North,Standard,64,1.52,606.3,49.0,58.6,54.0,3.54,674.65,2,3.4,No,8.062999999999999,0.9215017064846416,10.37923076923077,1
CUST10499,21,Male,West,Standard,3,10.14,662.5,12.0,46.88,66.3,2.64,740.3,3,3.4,Yes,9.625,1.414249146757679,185.075,1
CUST10500,54,Female,South,Standard,67,6.21,750.1,19.0,30.9,38.6,2.89,678.94,1,3.2,No,8.501000000000001,1.249190938511327,9.984411764705882,0
